site,block,plot,species,div,c_i,flood,alive,date,last_herb,full_mort,fdate
Costa Rica,NA,6,peltatum,12,ind,no,0,01/23/15,,0,
Costa Rica,NA,7,nudifolium,2,clone,flood,0,01/23/15,,0,
Costa Rica,NA,10,peltatum,2,clone,flood,0,01/23/15,,0,
Costa Rica,NA,10,peltatum,2,clone,flood,0,01/23/15,,0,
Costa Rica,NA,14,peltatum,2,ind,flood,0,01/23/15,,0,
Costa Rica,NA,14,peltatum,2,ind,flood,0,01/23/15,,0,
Costa Rica,NA,17,garagaranum,2,clone,no,0,01/23/15,,0,
Costa Rica,NA,18,peltatum,2,clone,no,0,01/23/15,,0,
Costa Rica,NA,18,peltatum,2,clone,no,0,01/23/15,,0,
Costa Rica,NA,18,peltatum,2,clone,no,0,01/23/15,,0,
Costa Rica,NA,18,peltatum,2,clone,no,0,01/23/15,,0,
Costa Rica,NA,18,peltatum,2,clone,no,0,01/23/15,,0,
Costa Rica,NA,18,peltatum,2,clone,no,0,01/23/15,,0,
Costa Rica,NA,19,imperiale,2,ind,no,0,01/23/15,,0,
Costa Rica,NA,22,reticulatum,2,ind,no,0,01/23/15,,0,
Costa Rica,NA,23,imperiale,1,clone,no,0,01/23/15,,0,
Costa Rica,NA,26,reticulatum,1,clone,no,0,01/23/15,,0,
Costa Rica,NA,26,reticulatum,1,clone,no,0,01/23/15,,0,
Costa Rica,NA,28,urostachyum,1,ind,no,0,01/23/15,,0,
Costa Rica,NA,30,reticulatum,1,ind,no,0,01/23/15,,0,
Costa Rica,NA,30,reticulatum,1,ind,no,0,01/23/15,,0,
Costa Rica,NA,30,reticulatum,1,ind,no,0,01/23/15,,0,
Costa Rica,NA,7,imperiale,2,clone,flood,0,03/16/15,,0,
Costa Rica,NA,22,peltatum,2,ind,no,0,03/16/15,,0,
Costa Rica,NA,22,peltatum,2,ind,no,0,03/16/15,,0,
Costa Rica,NA,26,reticulatum,1,clone,no,0,03/16/15,,0,
Costa Rica,NA,1,arboreum,12,ind,flood,0,05/22/15,,0,
Costa Rica,NA,1,decurrens,12,ind,flood,0,05/22/15,,0,
Costa Rica,NA,1,garagaranum,12,ind,flood,0,05/22/15,,0,
Costa Rica,NA,1,sancti-felicis,12,ind,flood,0,05/22/15,,0,
Costa Rica,NA,3,biolleyi,12,ind,flood,0,05/22/15,,0,
Costa Rica,NA,3,multiplinervium,12,ind,flood,0,05/22/15,,0,
Costa Rica,NA,3,nudifolium,12,ind,flood,0,05/22/15,,0,
Costa Rica,NA,3,peltatum,12,ind,flood,0,05/22/15,,0,
Costa Rica,NA,3,reticulatum,12,ind,flood,0,05/22/15,,0,
Costa Rica,NA,4,biolleyi,12,ind,no,0,05/22/15,,0,
Costa Rica,NA,4,nudifolium,12,ind,no,0,05/22/15,,0,
Costa Rica,NA,4,peltatum,12,ind,no,0,05/22/15,,0,
Costa Rica,NA,4,reticulatum,12,ind,no,0,05/22/15,,0,
Costa Rica,NA,4,sancti-felicis,12,ind,no,0,05/22/15,,0,
Costa Rica,NA,5,arboreum,12,ind,no,0,05/22/15,,0,
Costa Rica,NA,5,multiplinervium,12,ind,no,0,05/22/15,,0,
Costa Rica,NA,5,reticulatum,12,ind,no,0,05/22/15,,0,
Costa Rica,NA,5,urostachyum,12,ind,no,0,05/22/15,,0,
Costa Rica,NA,6,biolleyi,12,ind,no,0,05/22/15,,0,
Costa Rica,NA,6,decurrens,12,ind,no,0,05/22/15,,0,
Costa Rica,NA,6,garagaranum,12,ind,no,0,05/22/15,,0,
Costa Rica,NA,6,imperiale,12,ind,no,0,05/22/15,,0,
Costa Rica,NA,6,multiplinervium,12,ind,no,0,05/22/15,,0,
Costa Rica,NA,6,nudifolium,12,ind,no,0,05/22/15,,0,
Costa Rica,NA,6,pseudobumbratum,12,ind,no,0,05/22/15,,0,
Costa Rica,NA,6,reticulatum,12,ind,no,0,05/22/15,,0,
Costa Rica,NA,6,sancti-felicis,12,ind,no,0,05/22/15,,0,
Costa Rica,NA,7,imperiale,2,clone,flood,0,05/22/15,,0,
Costa Rica,NA,7,imperiale,2,clone,flood,0,05/22/15,,0,
Costa Rica,NA,7,imperiale,2,clone,flood,0,05/22/15,,0,
Costa Rica,NA,7,nudifolium,2,clone,flood,0,05/22/15,,0,
Costa Rica,NA,7,nudifolium,2,clone,flood,0,05/22/15,,0,
Costa Rica,NA,7,nudifolium,2,clone,flood,0,05/22/15,,0,
Costa Rica,NA,8,decurrens,2,clone,flood,0,05/22/15,,0,
Costa Rica,NA,8,urostachyum,2,clone,flood,0,05/22/15,,0,
Costa Rica,NA,8,urostachyum,2,clone,flood,0,05/22/15,,0,
Costa Rica,NA,9,garagaranum,2,clone,flood,0,05/22/15,,0,
Costa Rica,NA,9,garagaranum,2,clone,flood,0,05/22/15,,0,
Costa Rica,NA,9,garagaranum,2,clone,flood,0,05/22/15,,0,
Costa Rica,NA,9,garagaranum,2,clone,flood,0,05/22/15,,0,
Costa Rica,NA,9,garagaranum,2,clone,flood,0,05/22/15,,0,
Costa Rica,NA,9,pseudobumbratum,2,clone,flood,0,05/22/15,,0,
Costa Rica,NA,9,pseudobumbratum,2,clone,flood,0,05/22/15,,0,
Costa Rica,NA,9,pseudobumbratum,2,clone,flood,0,05/22/15,,0,
Costa Rica,NA,9,pseudobumbratum,2,clone,flood,0,05/22/15,,0,
Costa Rica,NA,9,pseudobumbratum,2,clone,flood,0,05/22/15,,0,
Costa Rica,NA,10,peltatum,2,clone,flood,0,05/22/15,,0,
Costa Rica,NA,10,peltatum,2,clone,flood,0,05/22/15,,0,
Costa Rica,NA,10,peltatum,2,clone,flood,0,05/22/15,,0,
Costa Rica,NA,10,peltatum,2,clone,flood,0,05/22/15,,0,
Costa Rica,NA,10,reticulatum,2,clone,flood,0,05/22/15,,0,
Costa Rica,NA,10,reticulatum,2,clone,flood,0,05/22/15,,0,
Costa Rica,NA,10,reticulatum,2,clone,flood,0,05/22/15,,0,
Costa Rica,NA,10,reticulatum,2,clone,flood,0,05/22/15,,0,
Costa Rica,NA,11,imperiale,2,clone,no,0,05/22/15,,0,
Costa Rica,NA,11,imperiale,2,clone,no,0,05/22/15,,0,
Costa Rica,NA,11,nudifolium,2,clone,no,0,05/22/15,,0,
Costa Rica,NA,11,nudifolium,2,clone,no,0,05/22/15,,0,
Costa Rica,NA,12,decurrens,2,ind,flood,0,05/22/15,,0,
Costa Rica,NA,13,garagaranum,2,ind,flood,0,05/22/15,,0,
Costa Rica,NA,13,garagaranum,2,ind,flood,0,05/22/15,,0,
Costa Rica,NA,13,garagaranum,2,ind,flood,0,05/22/15,,0,
Costa Rica,NA,13,pseudobumbratum,2,ind,flood,0,05/22/15,,0,
Costa Rica,NA,13,pseudobumbratum,2,ind,flood,0,05/22/15,,0,
Costa Rica,NA,13,pseudobumbratum,2,ind,flood,0,05/22/15,,0,
Costa Rica,NA,14,peltatum,2,ind,flood,0,05/22/15,,0,
Costa Rica,NA,14,peltatum,2,ind,flood,0,05/22/15,,0,
Costa Rica,NA,14,reticulatum,2,ind,flood,0,05/22/15,,0,
Costa Rica,NA,15,imperiale,2,clone,no,0,05/22/15,,0,
Costa Rica,NA,15,nudifolium,2,clone,no,0,05/22/15,,0,
Costa Rica,NA,15,nudifolium,2,clone,no,0,05/22/15,,0,
Costa Rica,NA,15,nudifolium,2,clone,no,0,05/22/15,,0,
Costa Rica,NA,15,nudifolium,2,clone,no,0,05/22/15,,0,
Costa Rica,NA,16,decurrens,2,clone,no,0,05/22/15,,0,
Costa Rica,NA,16,decurrens,2,clone,no,0,05/22/15,,0,
Costa Rica,NA,16,decurrens,2,clone,no,0,05/22/15,,0,
Costa Rica,NA,16,decurrens,2,clone,no,0,05/22/15,,0,
Costa Rica,NA,16,decurrens,2,clone,no,0,05/22/15,,0,
Costa Rica,NA,16,urostachyum,2,clone,no,0,05/22/15,,0,
Costa Rica,NA,16,urostachyum,2,clone,no,0,05/22/15,,0,
Costa Rica,NA,16,urostachyum,2,clone,no,0,05/22/15,,0,
Costa Rica,NA,17,pseudobumbratum,2,clone,no,0,05/22/15,,0,
Costa Rica,NA,17,pseudobumbratum,2,clone,no,0,05/22/15,,0,
Costa Rica,NA,17,pseudobumbratum,2,clone,no,0,05/22/15,,0,
Costa Rica,NA,17,pseudobumbratum,2,clone,no,0,05/22/15,,0,
Costa Rica,NA,18,reticulatum,2,clone,no,0,05/22/15,,0,
Costa Rica,NA,18,reticulatum,2,clone,no,0,05/22/15,,0,
Costa Rica,NA,18,reticulatum,2,clone,no,0,05/22/15,,0,
Costa Rica,NA,18,reticulatum,2,clone,no,0,05/22/15,,0,
Costa Rica,NA,18,reticulatum,2,clone,no,0,05/22/15,,0,
Costa Rica,NA,18,reticulatum,2,clone,no,0,05/22/15,,0,
Costa Rica,NA,19,imperiale,2,ind,no,0,05/22/15,,0,
Costa Rica,NA,19,nudifolium,2,ind,no,0,05/22/15,,0,
Costa Rica,NA,19,nudifolium,2,ind,no,0,05/22/15,,0,
Costa Rica,NA,19,nudifolium,2,ind,no,0,05/22/15,,0,
Costa Rica,NA,20,decurrens,2,ind,no,0,05/22/15,,0,
Costa Rica,NA,20,decurrens,2,ind,no,0,05/22/15,,0,
Costa Rica,NA,20,decurrens,2,ind,no,0,05/22/15,,0,
Costa Rica,NA,20,decurrens,2,ind,no,0,05/22/15,,0,
Costa Rica,NA,20,decurrens,2,ind,no,0,05/22/15,,0,
Costa Rica,NA,20,decurrens,2,ind,no,0,05/22/15,,0,
Costa Rica,NA,20,urostachyum,2,ind,no,0,05/22/15,,0,
Costa Rica,NA,21,garagaranum,2,ind,no,0,05/22/15,,0,
Costa Rica,NA,21,garagaranum,2,ind,no,0,05/22/15,,0,
Costa Rica,NA,21,pseudobumbratum,2,ind,no,0,05/22/15,,0,
Costa Rica,NA,21,pseudobumbratum,2,ind,no,0,05/22/15,,0,
Costa Rica,NA,21,pseudobumbratum,2,ind,no,0,05/22/15,,0,
Costa Rica,NA,21,pseudobumbratum,2,ind,no,0,05/22/15,,0,
Costa Rica,NA,21,pseudobumbratum,2,ind,no,0,05/22/15,,0,
Costa Rica,NA,22,peltatum,2,ind,no,0,05/22/15,,0,
Costa Rica,NA,22,peltatum,2,ind,no,0,05/22/15,,0,
Costa Rica,NA,22,peltatum,2,ind,no,0,05/22/15,,0,
Costa Rica,NA,22,peltatum,2,ind,no,0,05/22/15,,0,
Costa Rica,NA,22,reticulatum,2,ind,no,0,05/22/15,,0,
Costa Rica,NA,23,imperiale,1,clone,no,0,05/22/15,,0,
Costa Rica,NA,23,imperiale,1,clone,no,0,05/22/15,,0,
Costa Rica,NA,24,urostachyum,1,clone,no,0,05/22/15,,0,
Costa Rica,NA,24,urostachyum,1,clone,no,0,05/22/15,,0,
Costa Rica,NA,25,pseudobumbratum,1,clone,no,0,05/22/15,,0,
Costa Rica,NA,25,pseudobumbratum,1,clone,no,0,05/22/15,,0,
Costa Rica,NA,25,pseudobumbratum,1,clone,no,0,05/22/15,,0,
Costa Rica,NA,25,pseudobumbratum,1,clone,no,0,05/22/15,,0,
Costa Rica,NA,25,pseudobumbratum,1,clone,no,0,05/22/15,,0,
Costa Rica,NA,25,pseudobumbratum,1,clone,no,0,05/22/15,,0,
Costa Rica,NA,25,pseudobumbratum,1,clone,no,0,05/22/15,,0,
Costa Rica,NA,25,pseudobumbratum,1,clone,no,0,05/22/15,,0,
Costa Rica,NA,25,pseudobumbratum,1,clone,no,0,05/22/15,,0,
Costa Rica,NA,25,pseudobumbratum,1,clone,no,0,05/22/15,,0,
Costa Rica,NA,26,reticulatum,1,clone,no,0,05/22/15,,0,
Costa Rica,NA,26,reticulatum,1,clone,no,0,05/22/15,,0,
Costa Rica,NA,26,reticulatum,1,clone,no,0,05/22/15,,0,
Costa Rica,NA,26,reticulatum,1,clone,no,0,05/22/15,,0,
Costa Rica,NA,26,reticulatum,1,clone,no,0,05/22/15,,0,
Costa Rica,NA,26,reticulatum,1,clone,no,0,05/22/15,,0,
Costa Rica,NA,26,reticulatum,1,clone,no,0,05/22/15,,0,
Costa Rica,NA,26,reticulatum,1,clone,no,0,05/22/15,,0,
Costa Rica,NA,26,reticulatum,1,clone,no,0,05/22/15,,0,
Costa Rica,NA,27,imperiale,1,ind,no,0,05/22/15,,0,
Costa Rica,NA,27,imperiale,1,ind,no,0,05/22/15,,0,
Costa Rica,NA,27,imperiale,1,ind,no,0,05/22/15,,0,
Costa Rica,NA,27,imperiale,1,ind,no,0,05/22/15,,0,
Costa Rica,NA,27,imperiale,1,ind,no,0,05/22/15,,0,
Costa Rica,NA,27,imperiale,1,ind,no,0,05/22/15,,0,
Costa Rica,NA,28,urostachyum,1,ind,no,0,05/22/15,,0,
Costa Rica,NA,28,urostachyum,1,ind,no,0,05/22/15,,0,
Costa Rica,NA,28,urostachyum,1,ind,no,0,05/22/15,,0,
Costa Rica,NA,28,urostachyum,1,ind,no,0,05/22/15,,0,
Costa Rica,NA,28,urostachyum,1,ind,no,0,05/22/15,,0,
Costa Rica,NA,28,urostachyum,1,ind,no,0,05/22/15,,0,
Costa Rica,NA,28,urostachyum,1,ind,no,0,05/22/15,,0,
Costa Rica,NA,28,urostachyum,1,ind,no,0,05/22/15,,0,
Costa Rica,NA,28,urostachyum,1,ind,no,0,05/22/15,,0,
Costa Rica,NA,28,urostachyum,1,ind,no,0,05/22/15,,0,
Costa Rica,NA,29,pseudobumbratum,1,ind,no,0,05/22/15,,0,
Costa Rica,NA,29,pseudobumbratum,1,ind,no,0,05/22/15,,0,
Costa Rica,NA,29,pseudobumbratum,1,ind,no,0,05/22/15,,0,
Costa Rica,NA,29,pseudobumbratum,1,ind,no,0,05/22/15,,0,
Costa Rica,NA,29,pseudobumbratum,1,ind,no,0,05/22/15,,0,
Costa Rica,NA,29,pseudobumbratum,1,ind,no,0,05/22/15,,0,
Costa Rica,NA,29,pseudobumbratum,1,ind,no,0,05/22/15,,0,
Costa Rica,NA,29,pseudobumbratum,1,ind,no,0,05/22/15,,0,
Costa Rica,NA,29,pseudobumbratum,1,ind,no,0,05/22/15,,0,
Costa Rica,NA,30,reticulatum,1,ind,no,0,05/22/15,,0,
Costa Rica,NA,30,reticulatum,1,ind,no,0,05/22/15,,0,
Costa Rica,NA,30,reticulatum,1,ind,no,0,05/22/15,,0,
Costa Rica,NA,30,reticulatum,1,ind,no,0,05/22/15,,0,
Costa Rica,NA,30,reticulatum,1,ind,no,0,05/22/15,,0,
Costa Rica,NA,30,reticulatum,1,ind,no,0,05/22/15,,0,
Costa Rica,NA,30,reticulatum,1,ind,no,0,05/22/15,,0,
Costa Rica,NA,30,reticulatum,1,ind,no,0,05/22/15,,0,
Costa Rica,NA,3,arboreum,12,ind,flood,0,01/01/17,,0,
Costa Rica,NA,5,biolleyi,12,ind,no,0,01/01/17,,0,
Costa Rica,NA,6,arboreum,12,ind,no,0,01/01/17,,0,
Costa Rica,NA,10,reticulatum,2,clone,flood,0,01/01/17,,0,
Costa Rica,NA,10,reticulatum,2,clone,flood,0,01/01/17,,0,
Costa Rica,NA,11,imperiale,2,clone,no,0,01/01/17,,0,
Costa Rica,NA,27,imperiale,1,ind,no,0,01/01/17,,0,
Costa Rica,NA,30,reticulatum,1,ind,no,0,01/01/17,,0,
peru,NA,1,chanchamayanum,6,ind,flood,0,01/01/16,,0,
peru,NA,1,lechlerianum,6,ind,flood,0,01/01/16,,0,
peru,NA,2,chanchamayanum,6,ind,flood,0,01/01/16,,0,
peru,NA,2,lechlerianum,6,ind,flood,0,01/01/16,,0,
peru,NA,2,reticulatum,6,ind,flood,0,01/01/16,,0,
peru,NA,3,armatum,6,ind,flood,0,01/01/16,,0,
peru,NA,3,armatum,6,ind,flood,0,01/01/16,,0,
peru,NA,3,glabribaccum,6,ind,flood,0,01/01/16,,0,
peru,NA,3,reticulatum,6,ind,flood,0,01/01/16,,0,
peru,NA,4,chanchamayanum,6,ind,no,0,01/01/16,,0,
peru,NA,4,glabribaccum,6,ind,no,0,01/01/16,,0,
peru,NA,4,lechlerianum,6,ind,no,0,01/01/16,,0,
peru,NA,5,armatum,6,ind,no,0,01/01/16,,0,
peru,NA,5,chanchamayanum,6,ind,no,0,01/01/16,,0,
peru,NA,5,lechlerianum,6,ind,no,0,01/01/16,,0,
peru,NA,6,reticulatum,6,ind,no,0,01/01/16,,0,
peru,NA,7,glabribaccum,2,clone,flood,0,01/01/16,,0,
peru,NA,7,glabribaccum,2,clone,flood,0,01/01/16,,0,
peru,NA,9,armatum,2,clone,flood,0,01/01/16,,0,
peru,NA,10,glabribaccum,2,ind,flood,0,01/01/16,,0,
peru,NA,11,reticulatum,2,ind,flood,0,01/01/16,,0,
peru,NA,12,armatum,2,ind,flood,0,01/01/16,,0,
peru,NA,14,chanchamayanum,2,clone,no,0,01/01/16,,0,
peru,NA,14,chanchamayanum,2,clone,no,0,01/01/16,,0,
peru,NA,14,reticulatum,2,clone,no,0,01/01/16,,0,
peru,NA,15,armatum,2,clone,no,0,01/01/16,,0,
peru,NA,15,armatum,2,clone,no,0,01/01/16,,0,
peru,NA,15,lechlerianum,2,clone,no,0,01/01/16,,0,
peru,NA,15,lechlerianum,2,clone,no,0,01/01/16,,0,
peru,NA,17,chanchamayanum,2,ind,no,0,01/01/16,,0,
peru,NA,17,chanchamayanum,2,ind,no,0,01/01/16,,0,
peru,NA,17,chanchamayanum,2,ind,no,0,01/01/16,,0,
peru,NA,20,arboreum,1,clone,flood,0,01/01/16,,0,
peru,NA,20,arboreum,1,clone,flood,0,01/01/16,,0,
peru,NA,23,armatum,1,clone,flood,0,01/01/16,,0,
peru,NA,23,armatum,1,clone,flood,0,01/01/16,,0,
peru,NA,23,armatum,1,clone,flood,0,01/01/16,,0,
peru,NA,23,armatum,1,clone,flood,0,01/01/16,,0,
peru,NA,23,armatum,1,clone,flood,0,01/01/16,,0,
peru,NA,23,armatum,1,clone,flood,0,01/01/16,,0,
peru,NA,25,glabribaccum,1,ind,flood,0,01/01/16,,0,
peru,NA,27,reticulatum,1,ind,flood,0,01/01/16,,0,
peru,NA,1,arboreum,6,ind,flood,0,01/01/17,,0,
peru,NA,1,armatum,6,ind,flood,0,01/01/17,,0,
peru,NA,1,glabribaccum,6,ind,flood,0,01/01/17,,0,
peru,NA,2,glabribaccum,6,ind,flood,0,01/01/17,,0,
peru,NA,2,glabribaccum,6,ind,flood,0,01/01/17,,0,
peru,NA,3,arboreum,6,ind,flood,0,01/01/17,,0,
peru,NA,4,arboreum,6,ind,no,0,01/01/17,,0,
peru,NA,5,armatum,6,ind,no,0,01/01/17,,0,
peru,NA,5,glabribaccum,6,ind,no,0,01/01/17,,0,
peru,NA,5,reticulatum,6,ind,no,0,01/01/17,,0,
peru,NA,6,arboreum,6,ind,no,0,01/01/17,,0,
peru,NA,7,arboreum,2,clone,flood,0,01/01/17,,0,
peru,NA,9,armatum,2,clone,flood,0,01/01/17,,0,
peru,NA,9,lechlerianum,2,clone,flood,0,01/01/17,,0,
peru,NA,11,chanchamayanum,2,ind,flood,0,01/01/17,,0,
peru,NA,16,arboreum,2,ind,no,0,01/01/17,,0,
peru,NA,22,chanchamayanum,1,clone,flood,0,01/01/17,,0,
peru,NA,22,chanchamayanum,1,clone,flood,0,01/01/17,,0,
peru,NA,22,chanchamayanum,1,clone,flood,0,01/01/17,,0,
peru,NA,22,chanchamayanum,1,clone,flood,0,01/01/17,,0,
peru,NA,22,chanchamayanum,1,clone,flood,0,01/01/17,,0,
peru,NA,24,lechlerianum,1,clone,flood,0,01/01/17,,0,
peru,NA,24,lechlerianum,1,clone,flood,0,01/01/17,,0,
peru,NA,25,glabribaccum,1,ind,flood,0,01/01/17,,0,
peru,NA,25,glabribaccum,1,ind,flood,0,01/01/17,,0,
peru,NA,25,glabribaccum,1,ind,flood,0,01/01/17,,0,
peru,NA,25,glabribaccum,1,ind,flood,0,01/01/17,,0,
peru,NA,25,glabribaccum,1,ind,flood,0,01/01/17,,0,
peru,NA,26,arboreum,1,ind,flood,0,01/01/17,,0,
peru,NA,26,arboreum,1,ind,flood,0,01/01/17,,0,
peru,NA,26,arboreum,1,ind,flood,0,01/01/17,,0,
peru,NA,27,reticulatum,1,ind,flood,0,01/01/17,,0,
peru,NA,28,chanchamayanum,1,ind,flood,0,01/01/17,,0,
peru,NA,28,chanchamayanum,1,ind,flood,0,01/01/17,,0,
peru,NA,28,chanchamayanum,1,ind,flood,0,01/01/17,,0,
peru,NA,28,chanchamayanum,1,ind,flood,0,01/01/17,,0,
peru,NA,29,armatum,1,ind,flood,0,01/01/17,,0,
peru,NA,30,lechlerianum,1,ind,flood,0,01/01/17,,0,
peru,NA,30,lechlerianum,1,ind,flood,0,01/01/17,,0,
peru,NA,8,reticulatum,2,clone,flood,0,01/08/16,,0,
peru,NA,8,reticulatum,2,clone,flood,0,01/08/16,,0,
peru,NA,13,arboreum,2,clone,no,0,01/08/16,,0,
peru,NA,13,arboreum,2,clone,no,0,01/08/16,,0,
peru,NA,13,arboreum,2,clone,no,0,01/08/16,,0,
peru,NA,13,glabribaccum,2,clone,no,0,01/08/16,,0,
peru,NA,16,glabribaccum,2,ind,no,0,01/08/16,,0,
peru,NA,16,glabribaccum,2,ind,no,0,01/08/16,,0,
peru,NA,16,glabribaccum,2,ind,no,0,01/08/16,,0,
peru,NA,19,glabribaccum,1,clone,flood,0,01/08/16,,0,
peru,NA,19,glabribaccum,1,clone,flood,0,01/08/16,,0,
peru,NA,19,glabribaccum,1,clone,flood,0,01/08/16,,0,
peru,NA,19,glabribaccum,1,clone,flood,0,01/08/16,,0,
peru,NA,19,glabribaccum,1,clone,flood,0,01/08/16,,0,
peru,NA,19,glabribaccum,1,clone,flood,0,01/08/16,,0,
peru,NA,22,chanchamayanum,1,clone,flood,0,01/08/16,,0,
peru,NA,22,chanchamayanum,1,clone,flood,0,01/08/16,,0,
peru,NA,24,lechlerianum,1,clone,flood,0,01/08/16,,0,
peru,NA,24,lechlerianum,1,clone,flood,0,01/08/16,,0,
peru,NA,24,lechlerianum,1,clone,flood,0,01/08/16,,0,
peru,NA,24,lechlerianum,1,clone,flood,0,01/08/16,,0,
peru,NA,25,glabribaccum,1,ind,flood,0,01/08/16,,0,
peru,NA,28,chanchamayanum,1,ind,flood,0,01/08/16,,0,
peru,NA,28,chanchamayanum,1,ind,flood,0,01/08/16,,0,
peru,NA,28,chanchamayanum,1,ind,flood,0,01/08/16,,0,
peru,NA,2,arboreum,6,ind,flood,0,01/15/16,,0,
peru,NA,2,chanchamayanum,6,ind,flood,0,01/15/16,,0,
peru,NA,2,lechlerianum,6,ind,flood,0,01/15/16,,0,
peru,NA,11,chanchamayanum,2,ind,flood,0,01/15/16,,0,
peru,NA,11,reticulatum,2,ind,flood,0,01/15/16,,0,
peru,NA,29,armatum,1,ind,flood,0,01/15/16,,0,
peru,NA,30,lechlerianum,1,ind,flood,0,01/15/16,,0,
Ecuador,NA,12,hispidum,2,ind,flood,0,01/28/16,,0,01/28/16
Brazil,1,A1,lepturum,3,clone,no,0,03/01/19,0,0,
Brazil,2,A2,lepturum,3,clone,no,0,03/01/19,3,0,
Brazil,2,B2,corcovadense,1,clone,no,0,03/01/19,50,0,
Brazil,3,E3,lepturum,3,ind,no,0,03/01/19,34,0,
Brazil,2,F2,corcovadense,1,ind,no,0,03/01/19,14.5,0,
Brazil,2,F2,corcovadense,1,ind,no,0,03/01/19,60,0,
Brazil,1,G1,lepturum,1,ind,no,0,03/01/19,8,0,
Brazil,2,G2,lepturum,1,ind,no,0,03/01/19,3.33,0,
Brazil,2,G2,lepturum,1,ind,no,0,03/01/19,55,0,
Brazil,3,G3,lepturum,1,ind,no,0,03/01/19,1,0,
Brazil,2,H2,vicosanum,1,ind,no,0,03/01/19,2,0,
peru,NA,12,armatum,2,ind,flood,0,04/01/16,,0,
peru,NA,12,armatum,2,ind,flood,0,04/01/16,,0,
peru,NA,12,lechlerianum,2,ind,flood,0,04/01/16,,0,
peru,NA,12,lechlerianum,2,ind,flood,0,04/01/16,,0,
peru,NA,13,arboreum,2,clone,no,0,04/01/16,,0,
peru,NA,13,glabribaccum,2,clone,no,0,04/01/16,,0,
peru,NA,14,chanchamayanum,2,clone,no,0,04/01/16,,0,
peru,NA,26,arboreum,1,ind,flood,0,04/01/16,,0,
peru,NA,27,reticulatum,1,ind,flood,0,04/01/16,,0,
Ecuador,NA,7,escabrosa,2,clone,flood,0,08/13/15,,0,08/13/15
Ecuador,NA,7,escabrosa,2,clone,flood,0,08/13/15,,0,08/13/15
Ecuador,NA,15,escabrosa,2,clone,no,0,08/13/15,,0,08/13/15
Ecuador,NA,17,perareolatum,2,clone,no,0,08/13/15,,0,08/13/15
Ecuador,NA,10,schupii,2,clone,flood,0,08/20/15,,0,08/20/15
Ecuador,NA,15,kelleii,2,clone,no,0,08/20/15,,0,08/20/15
Ecuador,NA,24,baezanum,1,clone,no,0,08/20/15,,0,08/20/15
Ecuador,NA,3,lanceifolium,10,ind,flood,0,08/22/15,,0,08/22/15
Ecuador,NA,10,pequenia,2,clone,flood,0,08/29/15,,0,08/29/15
peru,NA,1,glabribaccum,6,ind,flood,0,09/01/16,,0,
peru,NA,1,lechlerianum,6,ind,flood,0,09/01/16,,0,
peru,NA,2,armatum,6,ind,flood,0,09/01/16,,0,
peru,NA,2,armatum,6,ind,flood,0,09/01/16,,0,
peru,NA,5,chanchamayanum,6,ind,no,0,09/01/16,,0,
peru,NA,5,glabribaccum,6,ind,no,0,09/01/16,,0,
peru,NA,7,arboreum,2,clone,flood,0,09/01/16,,0,
peru,NA,7,arboreum,2,clone,flood,0,09/01/16,,0,
peru,NA,7,glabribaccum,2,clone,flood,0,09/01/16,,0,
peru,NA,7,glabribaccum,2,clone,flood,0,09/01/16,,0,
peru,NA,8,chanchamayanum,2,clone,flood,0,09/01/16,,0,
peru,NA,8,chanchamayanum,2,clone,flood,0,09/01/16,,0,
peru,NA,8,reticulatum,2,clone,flood,0,09/01/16,,0,
peru,NA,9,armatum,2,clone,flood,0,09/01/16,,0,
peru,NA,10,arboreum,2,ind,flood,0,09/01/16,,0,
peru,NA,10,arboreum,2,ind,flood,0,09/01/16,,0,
peru,NA,10,glabribaccum,2,ind,flood,0,09/01/16,,0,
peru,NA,10,glabribaccum,2,ind,flood,0,09/01/16,,0,
peru,NA,10,glabribaccum,2,ind,flood,0,09/01/16,,0,
peru,NA,10,glabribaccum,2,ind,flood,0,09/01/16,,0,
peru,NA,11,chanchamayanum,2,ind,flood,0,09/01/16,,0,
peru,NA,16,arboreum,2,ind,no,0,09/01/16,,0,
peru,NA,16,glabribaccum,2,ind,no,0,09/01/16,,0,
peru,NA,16,glabribaccum,2,ind,no,0,09/01/16,,0,
peru,NA,18,lechlerianum,2,ind,no,0,09/01/16,,0,
peru,NA,18,lechlerianum,2,ind,no,0,09/01/16,,0,
peru,NA,18,lechlerianum,2,ind,no,0,09/01/16,,0,
peru,NA,20,arboreum,1,clone,flood,0,09/01/16,,0,
peru,NA,20,arboreum,1,clone,flood,0,09/01/16,,0,
peru,NA,22,chanchamayanum,1,clone,flood,0,09/01/16,,0,
peru,NA,22,chanchamayanum,1,clone,flood,0,09/01/16,,0,
peru,NA,23,armatum,1,clone,flood,0,09/01/16,,0,
peru,NA,24,lechlerianum,1,clone,flood,0,09/01/16,,0,
peru,NA,24,lechlerianum,1,clone,flood,0,09/01/16,,0,
peru,NA,24,lechlerianum,1,clone,flood,0,09/01/16,,0,
peru,NA,24,lechlerianum,1,clone,flood,0,09/01/16,,0,
peru,NA,25,glabribaccum,1,ind,flood,0,09/01/16,,0,
peru,NA,25,glabribaccum,1,ind,flood,0,09/01/16,,0,
peru,NA,25,glabribaccum,1,ind,flood,0,09/01/16,,0,
peru,NA,26,arboreum,1,ind,flood,0,09/01/16,,0,
peru,NA,26,arboreum,1,ind,flood,0,09/01/16,,0,
peru,NA,28,chanchamayanum,1,ind,flood,0,09/01/16,,0,
peru,NA,30,lechlerianum,1,ind,flood,0,09/01/16,,0,
peru,NA,30,lechlerianum,1,ind,flood,0,09/01/16,,0,
Ecuador,NA,15,escabrosa,2,clone,no,0,09/03/15,,0,09/03/15
Ecuador,NA,15,escabrosa,2,clone,no,0,09/03/15,,0,09/03/15
Ecuador,NA,15,escabrosa,2,clone,no,0,09/03/15,,0,09/03/15
Ecuador,NA,15,kelleii,2,clone,no,0,09/10/15,,0,09/10/15
Ecuador,NA,24,baezanum,1,clone,no,0,09/17/15,,0,09/17/15
Ecuador,NA,25,pubinervulum,1,clone,no,0,09/17/15,,0,09/17/15
Ecuador,NA,10,schupii,2,clone,flood,0,09/24/15,,0,09/24/15
Ecuador,NA,7,escabrosa,2,clone,flood,0,10/08/15,,0,10/08/15
Ecuador,NA,17,perareolatum,2,clone,no,0,10/08/15,,0,10/08/15
Ecuador,NA,10,schupii,2,clone,flood,0,10/22/15,,0,10/22/15
Ecuador,NA,16,baezanum,2,clone,no,0,10/22/15,,0,10/22/15
Ecuador,NA,16,hispidum,2,clone,no,0,10/29/15,,0,10/29/15
Ecuador,NA,18,pequenia,2,clone,no,0,10/29/15,,0,10/29/15
Ecuador,NA,18,pequenia,2,clone,no,0,10/29/15,,0,10/29/15
Ecuador,NA,18,schupii,2,clone,no,0,10/29/15,,0,10/29/15
Ecuador,NA,18,schupii,2,clone,no,0,11/05/15,,0,11/05/15
Ecuador,NA,3,schupii,10,ind,flood,0,11/12/15,,0,11/12/15
Ecuador,NA,8,hispidum,2,clone,flood,0,11/12/15,,0,11/12/15
Ecuador,NA,8,hispidum,2,clone,flood,0,11/12/15,,0,11/12/15
Ecuador,NA,18,schupii,2,clone,no,0,11/19/15,,0,11/19/15
Ecuador,NA,16,baezanum,2,clone,no,0,11/26/15,,0,11/26/15
Ecuador,NA,25,pubinervulum,1,clone,no,0,11/26/15,,0,11/26/15
Ecuador,NA,26,schupii,1,clone,no,0,11/26/15,,0,11/26/15
Ecuador,NA,28,baezanum,1,ind,no,0,11/29/15,,0,11/29/15
Ecuador,NA,1,lanceifolium,10,ind,flood,0,11/30/16,,0,11/30/16
Ecuador,NA,3,perareolatum,10,ind,flood,0,11/30/16,,0,11/30/16
Ecuador,NA,11,kelleii,2,ind,flood,0,11/30/16,,0,11/30/16
Ecuador,NA,11,kelleii,2,ind,flood,0,11/30/16,,0,11/30/16
Ecuador,NA,29,pubinervulum,1,ind,no,0,11/30/16,,0,11/30/16
Ecuador,NA,29,pubinervulum,1,ind,no,0,11/30/16,,0,11/30/16
Ecuador,NA,29,pubinervulum,1,ind,no,0,11/30/16,,0,11/30/16
Ecuador,NA,5,lanceifolium,10,ind,no,0,12/01/16,,0,12/01/16
Ecuador,NA,7,escabrosa,2,clone,flood,0,12/01/16,,0,12/01/16
Ecuador,NA,7,kelleii,2,clone,flood,0,12/01/16,,0,12/01/16
Ecuador,NA,8,baezanum,2,clone,flood,0,12/01/16,,0,12/01/16
Ecuador,NA,10,schupii,2,clone,flood,0,12/01/16,,0,12/01/16
Ecuador,NA,12,baezanum,2,ind,flood,0,12/01/16,,0,12/01/16
Ecuador,NA,12,baezanum,2,ind,flood,0,12/01/16,,0,12/01/16
Ecuador,NA,12,baezanum,2,ind,flood,0,12/01/16,,0,12/01/16
Ecuador,NA,17,perareolatum,2,clone,no,0,12/01/16,,0,12/01/16
Ecuador,NA,18,pequenia,2,clone,no,0,12/01/16,,0,12/01/16
Brazil,2,A2,corcovadense,3,clone,no,0,12/01/18,,0,
Brazil,3,A3,lepturum,3,clone,no,0,12/01/18,,0,
Brazil,3,A3,vicosanum,3,clone,no,0,12/01/18,,0,
Brazil,2,B2,corcovadense,1,clone,no,0,12/01/18,,0,
Brazil,2,B2,corcovadense,1,clone,no,0,12/01/18,,0,
Brazil,2,B2,corcovadense,1,clone,no,0,12/01/18,,0,
Brazil,2,B2,corcovadense,1,clone,no,0,12/01/18,,0,
Brazil,3,B3,corcovadense,1,clone,no,0,12/01/18,,0,
Brazil,3,B3,corcovadense,1,clone,no,0,12/01/18,,0,
Brazil,3,B3,corcovadense,1,clone,no,0,12/01/18,,0,
Brazil,3,B3,corcovadense,1,clone,no,0,12/01/18,,0,
Brazil,3,B3,corcovadense,1,clone,no,0,12/01/18,,0,
Brazil,1,C1,lepturum,1,clone,no,0,12/01/18,,0,
Brazil,1,C1,lepturum,1,clone,no,0,12/01/18,,0,
Brazil,2,C2,lepturum,1,clone,no,0,12/01/18,,0,
Brazil,1,E1,corcovadense,3,ind,no,0,12/01/18,,0,
Brazil,2,E2,corcovadense,3,ind,no,0,12/01/18,,0,
Brazil,2,E2,lepturum,3,ind,no,0,12/01/18,,0,
Brazil,2,E2,lepturum,3,ind,no,0,12/01/18,,0,
Brazil,3,E3,lepturum,3,ind,no,0,12/01/18,,0,
Brazil,3,E3,vicosanum,3,ind,no,0,12/01/18,,0,
Brazil,1,F1,corcovadense,1,ind,no,0,12/01/18,,0,
Brazil,1,F1,corcovadense,1,ind,no,0,12/01/18,,0,
Brazil,2,F2,corcovadense,1,ind,no,0,12/01/18,,0,
Brazil,2,F2,corcovadense,1,ind,no,0,12/01/18,,0,
Brazil,2,G2,lepturum,1,ind,no,0,12/01/18,,0,
Brazil,3,G3,lepturum,1,ind,no,0,12/01/18,,0,
Brazil,3,G3,lepturum,1,ind,no,0,12/01/18,,0,
Brazil,3,H3,vicosanum,1,ind,no,0,12/01/18,,0,
Brazil,3,H3,vicosanum,1,ind,no,0,12/01/18,,0,
Brazil,1,A1,corcovadense,3,clone,no,0,12/01/19,16,0,
Brazil,1,A1,lepturum,3,clone,no,0,12/01/19,25,0,
Brazil,2,A2,lepturum,3,clone,no,0,12/01/19,2,0,
Brazil,3,A3,corcovadense,3,clone,no,0,12/01/19,21,0,
Brazil,3,A3,lepturum,3,clone,no,0,12/01/19,1,0,
Brazil,1,B1,corcovadense,1,clone,no,0,12/01/19,2,0,
Brazil,3,B3,corcovadense,1,clone,no,0,12/01/19,2,0,
Brazil,1,C1,lepturum,1,clone,no,0,12/01/19,5,0,
Brazil,1,C1,lepturum,1,clone,no,0,12/01/19,14,0,
Brazil,1,C1,lepturum,1,clone,no,0,12/01/19,10,0,
Brazil,2,C2,lepturum,1,clone,no,0,12/01/19,2,0,
Brazil,2,C2,lepturum,1,clone,no,0,12/01/19,12,0,
Brazil,3,C3,lepturum,1,clone,no,0,12/01/19,9,0,
Brazil,3,C3,lepturum,1,clone,no,0,12/01/19,17,0,
Brazil,3,C3,lepturum,1,clone,no,0,12/01/19,50,0,
Brazil,3,C3,lepturum,1,clone,no,0,12/01/19,8.66666666666667,0,
Brazil,3,C3,lepturum,1,clone,no,0,12/01/19,3,0,
Brazil,3,C3,lepturum,1,clone,no,0,12/01/19,6,0,
Brazil,1,D1,vicosanum,1,clone,no,0,12/01/19,13,0,
Brazil,1,D1,vicosanum,1,clone,no,0,12/01/19,18,0,
Brazil,3,D3,vicosanum,1,clone,no,0,12/01/19,9.5,0,
Brazil,3,D3,vicosanum,1,clone,no,0,12/01/19,36.3333333333333,0,
Brazil,3,D3,vicosanum,1,clone,no,0,12/01/19,7.4,0,
Brazil,3,D3,vicosanum,1,clone,no,0,12/01/19,21.25,0,
Brazil,3,D3,vicosanum,1,clone,no,0,12/01/19,55,0,
Brazil,3,D3,vicosanum,1,clone,no,0,12/01/19,9,0,
Brazil,1,E1,corcovadense,3,ind,no,0,12/01/19,50,0,
Brazil,2,E2,vicosanum,3,ind,no,0,12/01/19,26,0,
Brazil,3,E3,corcovadense,3,ind,no,0,12/01/19,5,0,
Brazil,3,E3,corcovadense,3,ind,no,0,12/01/19,11,0,
Brazil,3,E3,vicosanum,3,ind,no,0,12/01/19,18.22,0,
Brazil,1,F1,corcovadense,1,ind,no,0,12/01/19,25,0,
Brazil,1,G1,lepturum,1,ind,no,0,12/01/19,12.5,0,
Brazil,1,G1,lepturum,1,ind,no,0,12/01/19,6,0,
Brazil,1,G1,lepturum,1,ind,no,0,12/01/19,30,0,
Brazil,2,G2,lepturum,1,ind,no,0,12/01/19,18,0,
Brazil,3,G3,lepturum,1,ind,no,0,12/01/19,3,0,
Brazil,3,G3,lepturum,1,ind,no,0,12/01/19,7.5,0,
Brazil,3,G3,lepturum,1,ind,no,0,12/01/19,5.33333333333333,0,
Brazil,1,H1,vicosanum,1,ind,no,0,12/01/19,10,0,
Brazil,2,H2,vicosanum,1,ind,no,0,12/01/19,14.5,0,
Brazil,2,H2,vicosanum,1,ind,no,0,12/01/19,26.75,0,
Brazil,2,H2,vicosanum,1,ind,no,0,12/01/19,70,0,
Brazil,2,H2,vicosanum,1,ind,no,0,12/01/19,4,0,
Brazil,3,H3,vicosanum,1,ind,no,0,12/01/19,19.75,0,
Brazil,3,H3,vicosanum,1,ind,no,0,12/01/19,8.66666666666667,0,
Brazil,3,H3,vicosanum,1,ind,no,0,12/01/19,9.5,0,
Ecuador,NA,4,lanceifolium,10,ind,no,0,12/02/16,,0,12/02/16
Ecuador,NA,8,hispidum,2,clone,flood,0,12/02/16,,0,12/02/16
Ecuador,NA,10,schupii,2,clone,flood,0,12/02/16,,0,12/02/16
Ecuador,NA,6,lanceifolium,10,ind,no,0,12/03/15,,0,12/03/15
Ecuador,NA,7,kelleii,2,clone,flood,0,12/03/15,,0,12/03/15
Ecuador,NA,8,baezanum,2,clone,flood,0,12/03/15,,0,12/03/15
Ecuador,NA,17,pubinervulum,2,clone,no,0,12/03/15,,0,12/03/15
Ecuador,NA,24,baezanum,1,clone,no,0,12/03/15,,0,12/03/15
Ecuador,NA,2,lanceifolium,10,ind,flood,0,12/05/16,,0,12/05/16
Ecuador,NA,2,peludo,10,ind,flood,0,12/05/16,,0,12/05/16
Ecuador,NA,26,schupii,1,clone,no,0,12/05/16,,0,12/05/16
Ecuador,NA,26,schupii,1,clone,no,0,12/05/16,,0,12/05/16
Ecuador,NA,26,schupii,1,clone,no,0,12/05/16,,0,12/05/16
Ecuador,NA,26,schupii,1,clone,no,0,12/05/16,,0,12/05/16
Ecuador,NA,26,schupii,1,clone,no,0,12/05/16,,0,12/05/16
Ecuador,NA,27,kelleii,1,ind,no,0,12/05/16,,0,12/05/15
Ecuador,NA,30,schupii,1,ind,no,0,12/05/16,,0,12/05/16
Ecuador,NA,30,schupii,1,ind,no,0,12/05/16,,0,12/05/16
Ecuador,NA,6,peludo,10,ind,no,0,12/06/16,,0,12/06/16
Ecuador,NA,18,schupii,2,clone,no,0,12/06/16,,0,12/06/16
Ecuador,NA,22,pequenia,2,ind,no,0,12/06/16,,0,12/06/16
Ecuador,NA,22,schupii,2,ind,no,0,12/06/16,,0,12/06/16
Ecuador,NA,24,baezanum,1,clone,no,0,12/06/16,,0,12/06/16
Ecuador,NA,24,baezanum,1,clone,no,0,12/06/16,,0,12/06/16
Ecuador,NA,24,baezanum,1,clone,no,0,12/06/16,,0,12/06/16
Ecuador,NA,25,pubinervulum,1,clone,no,0,12/06/16,,0,12/06/16
Ecuador,NA,25,pubinervulum,1,clone,no,0,12/06/16,,0,12/06/16
Ecuador,NA,13,perareolatum,2,ind,flood,0,12/07/16,,0,12/07/16
Ecuador,NA,13,pubinervulum,2,ind,flood,0,12/07/16,,0,12/07/16
Ecuador,NA,15,kelleii,2,clone,no,0,12/07/16,,0,12/07/16
Ecuador,NA,16,baezanum,2,clone,no,0,12/07/16,,0,12/07/16
Ecuador,NA,16,baezanum,2,clone,no,0,12/07/16,,0,12/07/16
Ecuador,NA,16,hispidum,2,clone,no,0,12/07/16,,0,12/07/16
Ecuador,NA,16,hispidum,2,clone,no,0,12/07/16,,0,12/07/16
Ecuador,NA,19,escabrosa,2,ind,no,0,12/07/16,,0,12/07/16
Ecuador,NA,19,kelleii,2,ind,no,0,12/07/16,,0,12/07/16
Ecuador,NA,19,kelleii,2,ind,no,0,12/07/16,,0,12/07/16
Ecuador,NA,21,perareolatum,2,ind,no,0,12/07/16,,0,12/07/16
Ecuador,NA,21,perareolatum,2,ind,no,0,12/07/16,,0,12/07/16
Ecuador,NA,21,pubinervulum,2,ind,no,0,12/07/16,,0,12/07/16
Ecuador,NA,21,pubinervulum,2,ind,no,0,12/07/16,,0,12/07/16
Ecuador,NA,21,pubinervulum,2,ind,no,0,12/07/16,,0,12/07/16
Ecuador,NA,15,kelleii,2,clone,no,0,12/17/15,,0,12/17/15
peru,NA,1,arboreum,6,ind,flood,0,12/21/15,,0,
peru,NA,1,chanchamayanum,6,ind,flood,0,12/21/15,,0,
peru,NA,1,reticulatum,6,ind,flood,0,12/21/15,,0,
peru,NA,1,reticulatum,6,ind,flood,0,12/21/15,,0,
peru,NA,2,reticulatum,6,ind,flood,0,12/21/15,,0,
peru,NA,3,arboreum,6,ind,flood,0,12/21/15,,0,
peru,NA,3,chanchamayanum,6,ind,flood,0,12/21/15,,0,
peru,NA,3,chanchamayanum,6,ind,flood,0,12/21/15,,0,
peru,NA,3,glabribaccum,6,ind,flood,0,12/21/15,,0,
peru,NA,3,lechlerianum,6,ind,flood,0,12/21/15,,0,
peru,NA,3,reticulatum,6,ind,flood,0,12/21/15,,0,
peru,NA,4,armatum,6,ind,no,0,12/21/15,,0,
peru,NA,4,armatum,6,ind,no,0,12/21/15,,0,
peru,NA,4,glabribaccum,6,ind,no,0,12/21/15,,0,
peru,NA,4,lechlerianum,6,ind,no,0,12/21/15,,0,
peru,NA,4,reticulatum,6,ind,no,0,12/21/15,,0,
peru,NA,4,reticulatum,6,ind,no,0,12/21/15,,0,
peru,NA,5,arboreum,6,ind,no,0,12/21/15,,0,
peru,NA,5,lechlerianum,6,ind,no,0,12/21/15,,0,
peru,NA,5,reticulatum,6,ind,no,0,12/21/15,,0,
peru,NA,6,arboreum,6,ind,no,0,12/21/15,,0,
peru,NA,6,armatum,6,ind,no,0,12/21/15,,0,
peru,NA,6,glabribaccum,6,ind,no,0,12/21/15,,0,
peru,NA,6,glabribaccum,6,ind,no,0,12/21/15,,0,
peru,NA,6,lechlerianum,6,ind,no,0,12/21/15,,0,
peru,NA,6,lechlerianum,6,ind,no,0,12/21/15,,0,
peru,NA,7,arboreum,2,clone,flood,0,12/21/15,,0,
peru,NA,7,glabribaccum,2,clone,flood,0,12/21/15,,0,
peru,NA,7,glabribaccum,2,clone,flood,0,12/21/15,,0,
peru,NA,8,chanchamayanum,2,clone,flood,0,12/21/15,,0,
peru,NA,8,chanchamayanum,2,clone,flood,0,12/21/15,,0,
peru,NA,8,chanchamayanum,2,clone,flood,0,12/21/15,,0,
peru,NA,8,chanchamayanum,2,clone,flood,0,12/21/15,,0,
peru,NA,8,reticulatum,2,clone,flood,0,12/21/15,,0,
peru,NA,8,reticulatum,2,clone,flood,0,12/21/15,,0,
peru,NA,8,reticulatum,2,clone,flood,0,12/21/15,,0,
peru,NA,9,armatum,2,clone,flood,0,12/21/15,,0,
peru,NA,9,armatum,2,clone,flood,0,12/21/15,,0,
peru,NA,9,lechlerianum,2,clone,flood,0,12/21/15,,0,
peru,NA,9,lechlerianum,2,clone,flood,0,12/21/15,,0,
peru,NA,10,arboreum,2,ind,flood,0,12/21/15,,0,
peru,NA,10,arboreum,2,ind,flood,0,12/21/15,,0,
peru,NA,11,chanchamayanum,2,ind,flood,0,12/21/15,,0,
peru,NA,11,chanchamayanum,2,ind,flood,0,12/21/15,,0,
peru,NA,11,chanchamayanum,2,ind,flood,0,12/21/15,,0,
peru,NA,11,reticulatum,2,ind,flood,0,12/21/15,,0,
peru,NA,11,reticulatum,2,ind,flood,0,12/21/15,,0,
peru,NA,11,reticulatum,2,ind,flood,0,12/21/15,,0,
peru,NA,11,reticulatum,2,ind,flood,0,12/21/15,,0,
peru,NA,12,armatum,2,ind,flood,0,12/21/15,,0,
peru,NA,12,armatum,2,ind,flood,0,12/21/15,,0,
peru,NA,12,armatum,2,ind,flood,0,12/21/15,,0,
peru,NA,12,lechlerianum,2,ind,flood,0,12/21/15,,0,
peru,NA,12,lechlerianum,2,ind,flood,0,12/21/15,,0,
peru,NA,13,arboreum,2,clone,no,0,12/21/15,,0,
peru,NA,13,arboreum,2,clone,no,0,12/21/15,,0,
peru,NA,13,glabribaccum,2,clone,no,0,12/21/15,,0,
peru,NA,13,glabribaccum,2,clone,no,0,12/21/15,,0,
peru,NA,13,glabribaccum,2,clone,no,0,12/21/15,,0,
peru,NA,13,glabribaccum,2,clone,no,0,12/21/15,,0,
peru,NA,14,chanchamayanum,2,clone,no,0,12/21/15,,0,
peru,NA,14,chanchamayanum,2,clone,no,0,12/21/15,,0,
peru,NA,14,chanchamayanum,2,clone,no,0,12/21/15,,0,
peru,NA,14,reticulatum,2,clone,no,0,12/21/15,,0,
peru,NA,14,reticulatum,2,clone,no,0,12/21/15,,0,
peru,NA,14,reticulatum,2,clone,no,0,12/21/15,,0,
peru,NA,14,reticulatum,2,clone,no,0,12/21/15,,0,
peru,NA,14,reticulatum,2,clone,no,0,12/21/15,,0,
peru,NA,15,armatum,2,clone,no,0,12/21/15,,0,
peru,NA,15,armatum,2,clone,no,0,12/21/15,,0,
peru,NA,15,armatum,2,clone,no,0,12/21/15,,0,
peru,NA,15,armatum,2,clone,no,0,12/21/15,,0,
peru,NA,15,lechlerianum,2,clone,no,0,12/21/15,,0,
peru,NA,15,lechlerianum,2,clone,no,0,12/21/15,,0,
peru,NA,15,lechlerianum,2,clone,no,0,12/21/15,,0,
peru,NA,15,lechlerianum,2,clone,no,0,12/21/15,,0,
peru,NA,16,arboreum,2,ind,no,0,12/21/15,,0,
peru,NA,16,arboreum,2,ind,no,0,12/21/15,,0,
peru,NA,16,arboreum,2,ind,no,0,12/21/15,,0,
peru,NA,16,glabribaccum,2,ind,no,0,12/21/15,,0,
peru,NA,17,chanchamayanum,2,ind,no,0,12/21/15,,0,
peru,NA,17,chanchamayanum,2,ind,no,0,12/21/15,,0,
peru,NA,17,chanchamayanum,2,ind,no,0,12/21/15,,0,
peru,NA,17,reticulatum,2,ind,no,0,12/21/15,,0,
peru,NA,17,reticulatum,2,ind,no,0,12/21/15,,0,
peru,NA,17,reticulatum,2,ind,no,0,12/21/15,,0,
peru,NA,17,reticulatum,2,ind,no,0,12/21/15,,0,
peru,NA,17,reticulatum,2,ind,no,0,12/21/15,,0,
peru,NA,18,armatum,2,ind,no,0,12/21/15,,0,
peru,NA,18,armatum,2,ind,no,0,12/21/15,,0,
peru,NA,18,armatum,2,ind,no,0,12/21/15,,0,
peru,NA,18,armatum,2,ind,no,0,12/21/15,,0,
peru,NA,18,armatum,2,ind,no,0,12/21/15,,0,
peru,NA,18,lechlerianum,2,ind,no,0,12/21/15,,0,
peru,NA,19,glabribaccum,1,clone,flood,0,12/21/15,,0,
peru,NA,19,glabribaccum,1,clone,flood,0,12/21/15,,0,
peru,NA,19,glabribaccum,1,clone,flood,0,12/21/15,,0,
peru,NA,19,glabribaccum,1,clone,flood,0,12/21/15,,0,
peru,NA,19,glabribaccum,1,clone,flood,0,12/21/15,,0,
peru,NA,19,glabribaccum,1,clone,flood,0,12/21/15,,0,
peru,NA,20,arboreum,1,clone,flood,0,12/21/15,,0,
peru,NA,20,arboreum,1,clone,flood,0,12/21/15,,0,
peru,NA,20,arboreum,1,clone,flood,0,12/21/15,,0,
peru,NA,20,arboreum,1,clone,flood,0,12/21/15,,0,
peru,NA,20,arboreum,1,clone,flood,0,12/21/15,,0,
peru,NA,20,arboreum,1,clone,flood,0,12/21/15,,0,
peru,NA,20,arboreum,1,clone,flood,0,12/21/15,,0,
peru,NA,20,arboreum,1,clone,flood,0,12/21/15,,0,
peru,NA,21,reticulatum,1,clone,flood,0,12/21/15,,0,
peru,NA,21,reticulatum,1,clone,flood,0,12/21/15,,0,
peru,NA,21,reticulatum,1,clone,flood,0,12/21/15,,0,
peru,NA,21,reticulatum,1,clone,flood,0,12/21/15,,0,
peru,NA,21,reticulatum,1,clone,flood,0,12/21/15,,0,
peru,NA,21,reticulatum,1,clone,flood,0,12/21/15,,0,
peru,NA,21,reticulatum,1,clone,flood,0,12/21/15,,0,
peru,NA,21,reticulatum,1,clone,flood,0,12/21/15,,0,
peru,NA,21,reticulatum,1,clone,flood,0,12/21/15,,0,
peru,NA,21,reticulatum,1,clone,flood,0,12/21/15,,0,
peru,NA,21,reticulatum,1,clone,flood,0,12/21/15,,0,
peru,NA,21,reticulatum,1,clone,flood,0,12/21/15,,0,
peru,NA,22,chanchamayanum,1,clone,flood,0,12/21/15,,0,
peru,NA,22,chanchamayanum,1,clone,flood,0,12/21/15,,0,
peru,NA,22,chanchamayanum,1,clone,flood,0,12/21/15,,0,
peru,NA,23,armatum,1,clone,flood,0,12/21/15,,0,
peru,NA,23,armatum,1,clone,flood,0,12/21/15,,0,
peru,NA,23,armatum,1,clone,flood,0,12/21/15,,0,
peru,NA,23,armatum,1,clone,flood,0,12/21/15,,0,
peru,NA,23,armatum,1,clone,flood,0,12/21/15,,0,
peru,NA,24,lechlerianum,1,clone,flood,0,12/21/15,,0,
peru,NA,24,lechlerianum,1,clone,flood,0,12/21/15,,0,
peru,NA,25,glabribaccum,1,ind,flood,0,12/21/15,,0,
peru,NA,25,glabribaccum,1,ind,flood,0,12/21/15,,0,
peru,NA,26,arboreum,1,ind,flood,0,12/21/15,,0,
peru,NA,26,arboreum,1,ind,flood,0,12/21/15,,0,
peru,NA,26,arboreum,1,ind,flood,0,12/21/15,,0,
peru,NA,26,arboreum,1,ind,flood,0,12/21/15,,0,
peru,NA,27,reticulatum,1,ind,flood,0,12/21/15,,0,
peru,NA,27,reticulatum,1,ind,flood,0,12/21/15,,0,
peru,NA,27,reticulatum,1,ind,flood,0,12/21/15,,0,
peru,NA,27,reticulatum,1,ind,flood,0,12/21/15,,0,
peru,NA,27,reticulatum,1,ind,flood,0,12/21/15,,0,
peru,NA,27,reticulatum,1,ind,flood,0,12/21/15,,0,
peru,NA,27,reticulatum,1,ind,flood,0,12/21/15,,0,
peru,NA,27,reticulatum,1,ind,flood,0,12/21/15,,0,
peru,NA,28,chanchamayanum,1,ind,flood,0,12/21/15,,0,
peru,NA,28,chanchamayanum,1,ind,flood,0,12/21/15,,0,
peru,NA,28,chanchamayanum,1,ind,flood,0,12/21/15,,0,
peru,NA,28,chanchamayanum,1,ind,flood,0,12/21/15,,0,
peru,NA,29,armatum,1,ind,flood,0,12/21/15,,0,
peru,NA,29,armatum,1,ind,flood,0,12/21/15,,0,
peru,NA,29,armatum,1,ind,flood,0,12/21/15,,0,
peru,NA,29,armatum,1,ind,flood,0,12/21/15,,0,
peru,NA,29,armatum,1,ind,flood,0,12/21/15,,0,
peru,NA,29,armatum,1,ind,flood,0,12/21/15,,0,
peru,NA,29,armatum,1,ind,flood,0,12/21/15,,0,
peru,NA,29,armatum,1,ind,flood,0,12/21/15,,0,
peru,NA,30,lechlerianum,1,ind,flood,0,12/21/15,,0,
peru,NA,30,lechlerianum,1,ind,flood,0,12/21/15,,0,
peru,NA,30,lechlerianum,1,ind,flood,0,12/21/15,,0,
peru,NA,30,lechlerianum,1,ind,flood,0,12/21/15,,0,
peru,NA,30,lechlerianum,1,ind,flood,0,12/21/15,,0,
peru,NA,30,lechlerianum,1,ind,flood,0,12/21/15,,0,
Ecuador,NA,18,schupii,2,clone,no,0,12/23/15,,0,12/23/15
Ecuador,NA,18,schupii,2,clone,no,0,12/23/15,,0,12/23/15
Ecuador,NA,28,baezanum,1,ind,no,0,12/23/15,,0,12/23/15
Ecuador,NA,30,schupii,1,ind,no,0,12/23/15,,0,12/23/15
mogi,2,1,crassinervium,1,ind,no,0,final,5.5,0,
mogi,2,1,crassinervium,1,ind,no,0,final,4,0,
mogi,1,2,miquelianum,2,clone,no,0,final,10,0,
mogi,2,2,arboreum,4,ind,no,0,final,1,0,
mogi,2,2,crassinervium,4,ind,no,0,final,2,0,
mogi,1,3,crassinervium,4,clone,no,0,final,0,0,
mogi,1,3,miquelianum,4,clone,no,0,final,1,0,
mogi,2,3,arboreum,1,ind,no,0,final,2,0,
mogi,3,3,miquelianum,1,clone,no,0,final,56,0,
mogi,3,3,miquelianum,1,clone,no,0,final,23.67,0,
mogi,1,4,crassinervium,2,ind,no,0,final,0.5,0,
mogi,1,4,crassinervium,2,ind,no,0,final,25.25,0,
mogi,3,4,arboreum,1,clone,no,0,final,17.5,0,
mogi,1,5,richardifolium,4,ind,no,0,final,23.2,0,
mogi,3,5,miquelianum,1,ind,no,0,final,25.2,0,
mogi,3,5,miquelianum,1,ind,no,0,final,9,0,
mogi,1,6,miquelianum,1,ind,no,0,final,6.5,0,
mogi,1,6,miquelianum,1,ind,no,0,final,8.82,0,
mogi,2,6,miquelianum,1,ind,no,0,final,5.25,0,
mogi,2,6,miquelianum,1,ind,no,0,final,17.67,0,
mogi,3,6,richardifolium,2,clone,no,0,final,7.5,0,
mogi,1,7,crassinervium,1,ind,no,0,final,1.5,0,
mogi,1,7,crassinervium,1,ind,no,0,final,60,0,
mogi,1,7,crassinervium,1,ind,no,0,final,43,0,
mogi,1,7,crassinervium,1,ind,no,0,final,0,0,
mogi,1,7,crassinervium,1,ind,no,0,final,2,0,
mogi,1,7,crassinervium,1,ind,no,0,final,4,0,
mogi,2,7,miquelianum,4,clone,no,0,final,20,1,
mogi,2,7,miquelianum,4,clone,no,0,final,30.25,0,
mogi,3,7,crassinervium,1,clone,no,0,final,8,0,
mogi,3,7,crassinervium,1,clone,no,0,final,0,0,
mogi,1,8,miquelianum,1,clone,no,0,final,0.25,0,
mogi,2,8,arboreum,1,clone,no,0,final,6,0,
mogi,1,9,arboreum,1,ind,no,0,final,0,0,
mogi,2,9,miquelianum,1,clone,no,0,final,0,0,
mogi,2,9,miquelianum,1,clone,no,0,final,9.29,0,
mogi,3,9,arboreum,4,clone,no,0,final,0.2,0,
mogi,3,9,crassinervium,4,clone,no,0,final,0,0,
mogi,2,10,richardifolium,1,clone,no,0,final,55,0,
mogi,3,10,richardifolium,1,clone,no,0,final,30,0,
mogi,3,11,arboreum,2,ind,no,0,final,2.6,0,
mogi,3,11,richardifolium,2,ind,no,0,final,4,0,
mogi,1,12,arboreum,1,clone,no,0,final,0,0,
mogi,2,12,richardifolium,2,ind,no,0,final,8.33,0,
mogi,2,12,richardifolium,2,ind,no,0,final,0,0,
mogi,2,12,richardifolium,2,ind,no,0,final,2,0,
mogi,2,12,richardifolium,2,ind,no,0,final,1,0,
mogi,2,12,richardifolium,2,ind,no,0,final,8.66666666666667,0,
mogi,2,12,richardifolium,2,ind,no,0,final,6.66666666666667,0,
mogi,3,12,richardifolium,1,ind,no,0,final,11,0,
mogi,3,1,crassinervium,1,ind,no,0,four,0,0,
mogi,3,1,crassinervium,1,ind,no,0,four,10,0,
mogi,3,1,crassinervium,1,ind,no,0,four,6,0,
mogi,3,1,crassinervium,1,ind,no,0,four,47.3333333333333,0,
mogi,1,2,crassinervium,2,clone,no,0,four,6.8,0,
mogi,2,4,crassinervium,1,clone,no,0,four,6,0,
mogi,2,4,crassinervium,1,clone,no,0,four,27.5,0,
mogi,2,4,crassinervium,1,clone,no,0,four,2,0,
mogi,1,6,miquelianum,1,ind,no,0,four,22.6,0,
mogi,2,7,crassinervium,4,clone,no,0,four,4,0,
mogi,3,9,richardifolium,4,clone,no,0,four,16,0,
mogi,1,10,richardifolium,1,clone,no,0,four,80.25,0,
mogi,1,10,richardifolium,1,clone,no,0,four,2,0,
mogi,1,10,richardifolium,1,clone,no,0,four,94,0,
mogi,2,11,crassinervium,1,ind,no,0,four,0,0,
mogi,1,1,crassinervium,1,clone,no,0,one,,0,
mogi,1,1,crassinervium,1,clone,no,0,one,,0,
mogi,2,1,crassinervium,1,ind,no,0,one,,0,
mogi,2,1,crassinervium,1,ind,no,0,one,,0,
mogi,2,1,crassinervium,1,ind,no,0,one,,0,
mogi,2,1,crassinervium,1,ind,no,0,one,,0,
mogi,2,1,crassinervium,1,ind,no,0,one,,0,
mogi,2,1,crassinervium,1,ind,no,0,one,,0,
mogi,3,1,crassinervium,1,ind,no,0,one,,0,
mogi,3,1,crassinervium,1,ind,no,0,one,,0,
mogi,3,1,crassinervium,1,ind,no,0,one,,0,
mogi,1,2,crassinervium,2,clone,no,0,one,,0,
mogi,3,2,crassinervium,4,ind,no,0,one,,0,
mogi,3,2,crassinervium,4,ind,no,0,one,,0,
mogi,1,3,crassinervium,4,clone,no,0,one,,0,
mogi,1,3,richardifolium,4,clone,no,0,one,,0,
mogi,3,3,miquelianum,1,clone,no,0,one,,0,
mogi,3,3,miquelianum,1,clone,no,0,one,,0,
mogi,2,4,crassinervium,1,clone,no,0,one,,0,
mogi,2,4,crassinervium,1,clone,no,0,one,,0,
mogi,2,4,crassinervium,1,clone,no,0,one,,0,
mogi,2,4,crassinervium,1,clone,no,0,one,,0,
mogi,2,4,crassinervium,1,clone,no,0,one,,0,
mogi,2,4,crassinervium,1,clone,no,0,one,,0,
mogi,2,4,crassinervium,1,clone,no,0,one,,0,
mogi,3,4,arboreum,1,clone,no,0,one,,0,
mogi,3,4,arboreum,1,clone,no,0,one,,0,
mogi,1,5,crassinervium,4,ind,no,0,one,,0,
mogi,1,5,richardifolium,4,ind,no,0,one,,0,
mogi,1,5,richardifolium,4,ind,no,0,one,,0,
mogi,2,5,miquelianum,2,clone,no,0,one,,0,
mogi,2,5,richardifolium,2,clone,no,0,one,,0,
mogi,2,5,richardifolium,2,clone,no,0,one,,0,
mogi,2,5,richardifolium,2,clone,no,0,one,,0,
mogi,2,5,richardifolium,2,clone,no,0,one,,0,
mogi,3,5,miquelianum,1,ind,no,0,one,,0,
mogi,3,5,miquelianum,1,ind,no,0,one,,0,
mogi,1,6,miquelianum,1,ind,no,0,one,,0,
mogi,1,6,miquelianum,1,ind,no,0,one,,0,
mogi,2,6,miquelianum,1,ind,no,0,one,,0,
mogi,2,6,miquelianum,1,ind,no,0,one,,0,
mogi,3,6,arboreum,2,clone,no,0,one,,0,
mogi,3,6,richardifolium,2,clone,no,0,one,,0,
mogi,3,6,richardifolium,2,clone,no,0,one,,0,
mogi,3,6,richardifolium,2,clone,no,0,one,,0,
mogi,3,6,richardifolium,2,clone,no,0,one,,0,
mogi,2,7,crassinervium,4,clone,no,0,one,,0,
mogi,2,7,richardifolium,4,clone,no,0,one,,0,
mogi,3,7,crassinervium,1,clone,no,0,one,,0,
mogi,3,7,crassinervium,1,clone,no,0,one,,0,
mogi,3,7,crassinervium,1,clone,no,0,one,,0,
mogi,3,7,crassinervium,1,clone,no,0,one,,0,
mogi,3,7,crassinervium,1,clone,no,0,one,,0,
mogi,3,7,crassinervium,1,clone,no,0,one,,0,
mogi,1,8,miquelianum,1,clone,no,0,one,,0,
mogi,2,8,arboreum,1,clone,no,0,one,,0,
mogi,3,8,arboreum,1,ind,no,0,one,,0,
mogi,3,8,arboreum,1,ind,no,0,one,,0,
mogi,1,9,arboreum,1,ind,no,0,one,,1,
mogi,2,9,miquelianum,1,clone,no,0,one,,0,
mogi,2,9,miquelianum,1,clone,no,0,one,,0,
mogi,2,9,miquelianum,1,clone,no,0,one,,0,
mogi,3,9,arboreum,4,clone,no,0,one,,0,
mogi,3,9,richardifolium,4,clone,no,0,one,,0,
mogi,1,10,richardifolium,1,clone,no,0,one,,0,
mogi,1,10,richardifolium,1,clone,no,0,one,,0,
mogi,1,10,richardifolium,1,clone,no,0,one,,0,
mogi,1,10,richardifolium,1,clone,no,0,one,,0,
mogi,1,10,richardifolium,1,clone,no,0,one,,0,
mogi,2,10,richardifolium,1,clone,no,0,one,,0,
mogi,3,10,richardifolium,1,clone,no,0,one,,0,
mogi,3,10,richardifolium,1,clone,no,0,one,,0,
mogi,3,10,richardifolium,1,clone,no,0,one,,0,
mogi,3,10,richardifolium,1,clone,no,0,one,,0,
mogi,3,10,richardifolium,1,clone,no,0,one,,0,
mogi,3,10,richardifolium,1,clone,no,0,one,,0,
mogi,3,10,richardifolium,1,clone,no,0,one,,0,
mogi,1,11,richardifolium,1,ind,no,0,one,,0,
mogi,1,11,richardifolium,1,ind,no,0,one,,0,
mogi,1,11,richardifolium,1,ind,no,0,one,,0,
mogi,1,11,richardifolium,1,ind,no,0,one,,0,
mogi,1,11,richardifolium,1,ind,no,0,one,,0,
mogi,1,11,richardifolium,1,ind,no,0,one,,0,
mogi,1,11,richardifolium,1,ind,no,0,one,,0,
mogi,2,11,crassinervium,1,ind,no,0,one,,0,
mogi,2,11,crassinervium,1,ind,no,0,one,,0,
mogi,2,11,crassinervium,1,ind,no,0,one,,0,
mogi,2,11,crassinervium,1,ind,no,0,one,,0,
mogi,3,11,arboreum,2,ind,no,0,one,,0,
mogi,3,11,richardifolium,2,ind,no,0,one,,0,
mogi,1,12,arboreum,1,clone,no,0,one,,0,
mogi,2,12,richardifolium,2,ind,no,0,one,,0,
mogi,3,12,richardifolium,1,ind,no,0,one,,0,
mogi,3,12,richardifolium,1,ind,no,0,one,,0,
mogi,3,12,richardifolium,1,ind,no,0,one,,0,
mogi,3,12,richardifolium,1,ind,no,0,one,,0,
mogi,3,12,richardifolium,1,ind,no,0,one,,0,
mogi,1,1,crassinervium,1,clone,no,0,three,4,0,
mogi,1,1,crassinervium,1,clone,no,0,three,50,0,
mogi,1,1,crassinervium,1,clone,no,0,three,17,0,
mogi,1,1,crassinervium,1,clone,no,0,three,2,0,
mogi,3,1,crassinervium,1,ind,no,0,three,54,0,
mogi,2,2,richardifolium,4,ind,no,0,three,1.6,0,
mogi,2,3,arboreum,1,ind,no,0,three,0,0,
mogi,3,3,miquelianum,1,clone,no,0,three,6,0,
mogi,1,4,crassinervium,2,ind,no,0,three,2,0,
mogi,3,4,arboreum,1,clone,no,0,three,14,0,
mogi,2,5,richardifolium,2,clone,no,0,three,21,0,
mogi,1,6,miquelianum,1,ind,no,0,three,0,0,
mogi,3,6,richardifolium,2,clone,no,0,three,28.5,0,
mogi,1,7,crassinervium,1,ind,no,0,three,29,0,
mogi,2,7,crassinervium,4,clone,no,0,three,0,0,
mogi,3,7,crassinervium,1,clone,no,0,three,0,0,
mogi,2,8,arboreum,1,clone,no,0,three,1,0,
mogi,3,8,arboreum,1,ind,no,0,three,0,0,
mogi,3,8,arboreum,1,ind,no,0,three,3,0,
mogi,1,9,arboreum,1,ind,no,0,three,0,0,
mogi,2,9,miquelianum,1,clone,no,0,three,16.67,0,
mogi,2,9,miquelianum,1,clone,no,0,three,70,0,
mogi,1,10,richardifolium,1,clone,no,0,three,0,0,
mogi,1,10,richardifolium,1,clone,no,0,three,8,0,
mogi,3,11,arboreum,2,ind,no,0,three,4.5,0,
mogi,2,12,richardifolium,2,ind,no,0,three,0,0,
mogi,1,1,crassinervium,1,clone,no,0,two,0.5,0,
mogi,1,1,crassinervium,1,clone,no,0,two,29,0,
mogi,1,1,crassinervium,1,clone,no,0,two,29,0,
mogi,2,1,crassinervium,1,ind,no,0,two,10,0,
mogi,2,1,crassinervium,1,ind,no,0,two,70,0,
mogi,3,1,crassinervium,1,ind,no,0,two,25,0,
mogi,3,1,crassinervium,1,ind,no,0,two,31.5,0,
mogi,3,1,crassinervium,1,ind,no,0,two,22,0,
mogi,3,1,crassinervium,1,ind,no,0,two,16,0,
mogi,1,2,crassinervium,2,clone,no,0,two,0,0,
mogi,1,2,crassinervium,2,clone,no,0,two,11.67,0,
mogi,2,2,richardifolium,4,ind,no,0,two,8,0,
mogi,3,2,arboreum,4,ind,no,0,two,3.5,0,
mogi,3,2,arboreum,4,ind,no,0,two,1.75,0,
mogi,3,2,miquelianum,4,ind,no,0,two,27.8,0,
mogi,3,2,richardifolium,4,ind,no,0,two,2,0,
mogi,3,2,richardifolium,4,ind,no,0,two,14,0,
mogi,3,2,richardifolium,4,ind,no,0,two,8,0,
mogi,1,3,miquelianum,4,clone,no,0,two,21,0,
mogi,1,3,miquelianum,4,clone,no,0,two,50,0,
mogi,1,3,richardifolium,4,clone,no,0,two,19.6666666666667,0,
mogi,1,3,richardifolium,4,clone,no,0,two,43.3333333333333,0,
mogi,2,3,arboreum,1,ind,no,0,two,0,0,
mogi,3,3,miquelianum,1,clone,no,0,two,0,0,
mogi,3,3,miquelianum,1,clone,no,0,two,30,0,
mogi,3,3,miquelianum,1,clone,no,0,two,4.75,0,
mogi,2,4,crassinervium,1,clone,no,0,two,6,0,
mogi,2,4,crassinervium,1,clone,no,0,two,4,0,
mogi,3,4,arboreum,1,clone,no,0,two,7.25,0,
mogi,3,4,arboreum,1,clone,no,0,two,6.66666666666667,0,
mogi,2,5,miquelianum,2,clone,no,0,two,61.5,0,
mogi,2,5,richardifolium,2,clone,no,0,two,9,0,
mogi,2,6,miquelianum,1,ind,no,0,two,1.5,0,
mogi,2,6,miquelianum,1,ind,no,0,two,55,0,
mogi,1,7,crassinervium,1,ind,no,0,two,20,0,
mogi,1,7,crassinervium,1,ind,no,0,two,4,0,
mogi,2,7,richardifolium,4,clone,no,0,two,2,0,
mogi,3,7,crassinervium,1,clone,no,0,two,75,0,
mogi,3,7,crassinervium,1,clone,no,0,two,5,0,
mogi,2,8,arboreum,1,clone,no,0,two,2,0,
mogi,3,8,arboreum,1,ind,no,0,two,0.66,0,
mogi,3,8,arboreum,1,ind,no,0,two,26,0,
mogi,3,8,arboreum,1,ind,no,0,two,2,0,
mogi,3,8,arboreum,1,ind,no,0,two,22.8,0,
mogi,1,9,arboreum,1,ind,no,0,two,0,0,
mogi,1,9,arboreum,1,ind,no,0,two,3.5,0,
mogi,1,9,arboreum,1,ind,no,0,two,2,0,
mogi,2,9,miquelianum,1,clone,no,0,two,0,0,
mogi,3,9,arboreum,4,clone,no,0,two,5,0,
mogi,1,10,richardifolium,1,clone,no,0,two,1,0,
mogi,1,10,richardifolium,1,clone,no,0,two,45,0,
mogi,2,10,richardifolium,1,clone,no,0,two,29.5,0,
mogi,3,10,richardifolium,1,clone,no,0,two,2,0,
mogi,3,10,richardifolium,1,clone,no,0,two,0,0,
mogi,1,11,richardifolium,1,ind,no,0,two,1.75,0,
mogi,1,11,richardifolium,1,ind,no,0,two,13,0,
mogi,1,11,richardifolium,1,ind,no,0,two,29.5,0,
mogi,1,11,richardifolium,1,ind,no,0,two,10.25,0,
mogi,2,11,crassinervium,1,ind,no,0,two,3,0,
mogi,2,11,crassinervium,1,ind,no,0,two,0,0,
mogi,2,11,crassinervium,1,ind,no,0,two,0,0,
mogi,2,11,crassinervium,1,ind,no,0,two,5,0,
mogi,2,11,crassinervium,1,ind,no,0,two,0,0,
mogi,2,11,crassinervium,1,ind,no,0,two,7,0,
mogi,2,11,crassinervium,1,ind,no,0,two,0,0,
mogi,3,11,arboreum,2,ind,no,0,two,0,0,
mogi,3,11,arboreum,2,ind,no,0,two,1.5,0,
mogi,3,11,richardifolium,2,ind,no,0,two,2,0,
mogi,1,12,arboreum,1,clone,no,0,two,0,0,
mogi,3,12,richardifolium,1,ind,no,0,two,21,0,
mogi,3,12,richardifolium,1,ind,no,0,two,0,0,
Ecuador,NA,1,perareolatum,10,ind,flood,1,,,0,02/25/16
Ecuador,NA,1,ecuadorense,10,ind,flood,1,,,1,
Ecuador,NA,1,escabrosa,10,ind,flood,1,,,1,
Ecuador,NA,1,hispidum,10,ind,flood,1,,,1,
Ecuador,NA,1,schupii,10,ind,flood,1,,,1,
Ecuador,NA,1,pubinervulum,10,ind,flood,1,,,1,
Ecuador,NA,1,baezanum,10,ind,flood,1,,,1,
Ecuador,NA,1,grande,10,ind,flood,1,,,1,
Ecuador,NA,1,pequenia,10,ind,flood,1,,,1,
Ecuador,NA,1,peludo,10,ind,flood,1,,,1,
Ecuador,NA,1,kelleii,10,ind,flood,1,,,1,
Costa Rica,NA,1,urostachyum,12,ind,flood,1,,,1,
Costa Rica,NA,1,multiplinervium,12,ind,flood,1,,,1,
Costa Rica,NA,1,biolleyi,12,ind,flood,1,,,1,
Costa Rica,NA,1,peltatum,12,ind,flood,1,,,1,
Costa Rica,NA,1,pseudobumbratum,12,ind,flood,1,,,1,
Costa Rica,NA,1,imperiale,12,ind,flood,1,,,1,
Costa Rica,NA,1,reticulatum,12,ind,flood,1,,,1,
Costa Rica,NA,1,nudifolium,12,ind,flood,1,,,1,
peru,NA,1,armatum,6,ind,flood,1,,,1,
mogi,1,1,crassinervium,1,clone,no,1,,7.67,1,
mogi,1,1,crassinervium,1,clone,no,1,,22.5,1,
mogi,1,1,crassinervium,1,clone,no,1,,37.75,1,
mogi,2,1,crassinervium,1,ind,no,1,,0,1,
mogi,2,1,crassinervium,1,ind,no,1,,29.2,1,
Ecuador,NA,2,grande,10,ind,flood,1,,,1,
Ecuador,NA,2,pequenia,10,ind,flood,1,,,1,
Ecuador,NA,2,perareolatum,10,ind,flood,1,,,1,
Ecuador,NA,2,ecuadorense,10,ind,flood,1,,,1,
Ecuador,NA,2,escabrosa,10,ind,flood,1,,,1,
Ecuador,NA,2,hispidum,10,ind,flood,1,,,0,09/24/15
Ecuador,NA,2,schupii,10,ind,flood,1,,,1,
Ecuador,NA,2,pubinervulum,10,ind,flood,1,,,1,
Ecuador,NA,2,baezanum,10,ind,flood,1,,,1,
Ecuador,NA,2,kelleii,10,ind,flood,1,,,1,
Costa Rica,NA,2,pseudobumbratum,12,ind,flood,1,,,1,
Costa Rica,NA,2,garagaranum,12,ind,flood,1,,,1,
Costa Rica,NA,2,urostachyum,12,ind,flood,1,,,1,
Costa Rica,NA,2,multiplinervium,12,ind,flood,1,,,1,
Costa Rica,NA,2,reticulatum,12,ind,flood,1,,,1,
Costa Rica,NA,2,sancti-felicis,12,ind,flood,1,,,1,
Costa Rica,NA,2,biolleyi,12,ind,flood,1,,,1,
Costa Rica,NA,2,decurrens,12,ind,flood,1,,,1,
Costa Rica,NA,2,peltatum,12,ind,flood,1,,,1,
Costa Rica,NA,2,imperiale,12,ind,flood,1,,,1,
Costa Rica,NA,2,nudifolium,12,ind,flood,1,,,1,
Costa Rica,NA,2,arboreum,12,ind,flood,1,,,1,
peru,NA,2,arboreum,6,ind,flood,1,,,1,
mogi,1,2,crassinervium,2,clone,no,1,,2,1,
mogi,1,2,crassinervium,2,clone,no,1,,10.2,1,
mogi,1,2,miquelianum,2,clone,no,1,,0.25,1,
mogi,1,2,miquelianum,2,clone,no,1,,0.6,1,
mogi,1,2,miquelianum,2,clone,no,1,,10.71,1,
mogi,1,2,miquelianum,2,clone,no,1,,1.63,1,
mogi,1,2,miquelianum,2,clone,no,1,,5,1,
mogi,2,2,arboreum,4,ind,no,1,,3.22222222222222,1,
mogi,2,2,arboreum,4,ind,no,1,,20.5217391304348,1,
mogi,2,2,richardifolium,4,ind,no,1,,2.5,1,
mogi,2,2,miquelianum,4,ind,no,1,,0,1,
mogi,2,2,miquelianum,4,ind,no,1,,1.2,1,
mogi,2,2,crassinervium,4,ind,no,1,,5.5,1,
mogi,2,2,crassinervium,4,ind,no,1,,2.6,1,
mogi,2,2,miquelianum,4,ind,no,1,,0.555555555555556,1,
mogi,3,2,miquelianum,4,ind,no,1,,3.71428571428571,1,
mogi,3,2,arboreum,4,ind,no,1,,13.4166666666667,1,
mogi,3,2,crassinervium,4,ind,no,1,,0,1,
mogi,3,2,miquelianum,4,ind,no,1,,1,1,
Ecuador,NA,3,grande,10,ind,flood,1,,,1,
Ecuador,NA,3,pequenia,10,ind,flood,1,,,1,
Ecuador,NA,3,peludo,10,ind,flood,1,,,1,
Ecuador,NA,3,ecuadorense,10,ind,flood,1,,,1,
Ecuador,NA,3,escabrosa,10,ind,flood,1,,,1,
Ecuador,NA,3,hispidum,10,ind,flood,1,,,0,09/24/15
Ecuador,NA,3,pubinervulum,10,ind,flood,1,,,1,
Ecuador,NA,3,baezanum,10,ind,flood,1,,,1,
Ecuador,NA,3,kelleii,10,ind,flood,1,,,1,
Costa Rica,NA,3,urostachyum,12,ind,flood,1,,,1,
Costa Rica,NA,3,garagaranum,12,ind,flood,1,,,1,
Costa Rica,NA,3,pseudobumbratum,12,ind,flood,1,,,1,
Costa Rica,NA,3,imperiale,12,ind,flood,1,,,1,
Costa Rica,NA,3,decurrens,12,ind,flood,1,,,1,
Costa Rica,NA,3,sancti-felicis,12,ind,flood,1,,,1,
peru,NA,3,lechlerianum,6,ind,flood,1,,,1,
mogi,1,3,arboreum,4,clone,no,1,,8.4375,1,
mogi,1,3,arboreum,4,clone,no,1,,3.5,1,
mogi,1,3,arboreum,4,clone,no,1,,7.8,1,
mogi,1,3,crassinervium,4,clone,no,1,,0,1,
mogi,2,3,arboreum,1,ind,no,1,,2.57142857142857,1,
mogi,2,3,arboreum,1,ind,no,1,,3.6,1,
mogi,2,3,arboreum,1,ind,no,1,,6.8,1,
mogi,2,3,arboreum,1,ind,no,1,,1.46153846153846,1,
mogi,2,3,arboreum,1,ind,no,1,,10.75,1,
mogi,2,3,arboreum,1,ind,no,1,,8.57894736842105,1,
mogi,2,3,arboreum,1,ind,no,1,,1.38461538461538,1,
mogi,2,3,arboreum,1,ind,no,1,,4.94736842105263,1,
mogi,2,3,arboreum,1,ind,no,1,,9.14285714285714,1,
mogi,3,3,miquelianum,1,clone,no,1,,1.4,1,
mogi,3,3,miquelianum,1,clone,no,1,,1.9375,1,
mogi,3,3,miquelianum,1,clone,no,1,,0,1,
mogi,3,3,miquelianum,1,clone,no,1,,2.33333333333333,1,
Ecuador,NA,4,grande,10,ind,no,1,,,1,
Ecuador,NA,4,pequenia,10,ind,no,1,,,1,
Ecuador,NA,4,peludo,10,ind,no,1,,,1,
Ecuador,NA,4,perareolatum,10,ind,no,1,,,1,
Ecuador,NA,4,ecuadorense,10,ind,no,1,,,1,
Ecuador,NA,4,escabrosa,10,ind,no,1,,,1,
Ecuador,NA,4,hispidum,10,ind,no,1,,,0,10/08/15
Ecuador,NA,4,schupii,10,ind,no,1,,,1,
Ecuador,NA,4,pubinervulum,10,ind,no,1,,,1,
Ecuador,NA,4,baezanum,10,ind,no,1,,,1,
Ecuador,NA,4,kelleii,10,ind,no,1,,,1,
Costa Rica,NA,4,arboreum,12,ind,no,1,,,1,
Costa Rica,NA,4,decurrens,12,ind,no,1,,,1,
Costa Rica,NA,4,urostachyum,12,ind,no,1,,,1,
Costa Rica,NA,4,garagaranum,12,ind,no,1,,,1,
Costa Rica,NA,4,multiplinervium,12,ind,no,1,,,1,
Costa Rica,NA,4,imperiale,12,ind,no,1,,,1,
Costa Rica,NA,4,pseudobumbratum,12,ind,no,1,,,1,
peru,NA,4,chanchamayanum,6,ind,no,1,,,1,
peru,NA,4,arboreum,6,ind,no,1,,,1,
mogi,1,4,miquelianum,2,ind,no,1,,0,1,
mogi,1,4,miquelianum,2,ind,no,1,,3.5,1,
mogi,1,4,miquelianum,2,ind,no,1,,2.45454545454545,1,
mogi,1,4,miquelianum,2,ind,no,1,,5.625,1,
mogi,1,4,crassinervium,2,ind,no,1,,2.75,1,
mogi,1,4,miquelianum,2,ind,no,1,,6.7,1,
mogi,1,4,miquelianum,2,ind,no,1,,4.81818181818182,1,
mogi,1,4,crassinervium,2,ind,no,1,,1,1,
mogi,1,4,crassinervium,2,ind,no,1,,30,1,
mogi,3,4,arboreum,1,clone,no,1,,3.375,1,
mogi,3,4,arboreum,1,clone,no,1,,1.125,1,
mogi,3,4,arboreum,1,clone,no,1,,1.66666666666667,1,
mogi,3,4,arboreum,1,clone,no,1,,4,1,
mogi,3,4,arboreum,1,clone,no,1,,0.6,1,
mogi,3,4,arboreum,1,clone,no,1,,19.3684210526316,1,
Ecuador,NA,5,grande,10,ind,no,1,,,1,
Ecuador,NA,5,pequenia,10,ind,no,1,,,1,
Ecuador,NA,5,peludo,10,ind,no,1,,,1,
Ecuador,NA,5,perareolatum,10,ind,no,1,,,1,
Ecuador,NA,5,ecuadorense,10,ind,no,1,,,1,
Ecuador,NA,5,escabrosa,10,ind,no,1,,,1,
Ecuador,NA,5,hispidum,10,ind,no,1,,,1,
Ecuador,NA,5,schupii,10,ind,no,1,,,1,
Ecuador,NA,5,pubinervulum,10,ind,no,1,,,1,
Ecuador,NA,5,baezanum,10,ind,no,1,,,1,
Ecuador,NA,5,kelleii,10,ind,no,1,,,1,
Costa Rica,NA,5,sancti-felicis,12,ind,no,1,,,1,
Costa Rica,NA,5,garagaranum,12,ind,no,1,,,1,
Costa Rica,NA,5,pseudobumbratum,12,ind,no,1,,,1,
Costa Rica,NA,5,decurrens,12,ind,no,1,,,1,
Costa Rica,NA,5,nudifolium,12,ind,no,1,,,1,
Costa Rica,NA,5,peltatum,12,ind,no,1,,,1,
Costa Rica,NA,5,imperiale,12,ind,no,1,,,1,
peru,NA,5,arboreum,6,ind,no,1,,,1,
mogi,1,5,miquelianum,4,ind,no,1,,4.66666666666667,1,
mogi,1,5,crassinervium,4,ind,no,1,,22.6666666666667,1,
mogi,1,5,crassinervium,4,ind,no,1,,15.8,1,
mogi,1,5,arboreum,4,ind,no,1,,12,1,
mogi,1,5,miquelianum,4,ind,no,1,,13,1,
mogi,1,5,miquelianum,4,ind,no,1,,0.5,1,
mogi,1,5,arboreum,4,ind,no,1,,0.35,1,
mogi,1,5,arboreum,4,ind,no,1,,2,1,
mogi,2,5,miquelianum,2,clone,no,1,,6.25,1,
mogi,2,5,miquelianum,2,clone,no,1,,1.44444444444444,1,
mogi,2,5,miquelianum,2,clone,no,1,,1,1,
mogi,2,5,miquelianum,2,clone,no,1,,4.66666666666667,1,
mogi,3,5,miquelianum,1,ind,no,1,,5.75,1,
mogi,3,5,miquelianum,1,ind,no,1,,3.5,1,
mogi,3,5,miquelianum,1,ind,no,1,,0.2,1,
mogi,3,5,miquelianum,1,ind,no,1,,8.8,1,
mogi,3,5,miquelianum,1,ind,no,1,,0.7,1,
mogi,3,5,miquelianum,1,ind,no,1,,5,1,
mogi,3,5,miquelianum,1,ind,no,1,,2.14285714285714,1,
mogi,3,5,miquelianum,1,ind,no,1,,9.625,1,
Ecuador,NA,6,grande,10,ind,no,1,,,1,
Ecuador,NA,6,pequenia,10,ind,no,1,,,1,
Ecuador,NA,6,perareolatum,10,ind,no,1,,,1,
Ecuador,NA,6,ecuadorense,10,ind,no,1,,,1,
Ecuador,NA,6,escabrosa,10,ind,no,1,,,1,
Ecuador,NA,6,hispidum,10,ind,no,1,,,1,
Ecuador,NA,6,schupii,10,ind,no,1,,,1,
Ecuador,NA,6,pubinervulum,10,ind,no,1,,,0,12/06/15
Ecuador,NA,6,baezanum,10,ind,no,1,,,1,
Ecuador,NA,6,kelleii,10,ind,no,1,,,1,
Costa Rica,NA,6,urostachyum,12,ind,no,1,,,1,
peru,NA,6,reticulatum,6,ind,no,1,,,1,
peru,NA,6,chanchamayanum,6,ind,no,1,,,1,
peru,NA,6,chanchamayanum,6,ind,no,1,,,1,
peru,NA,6,armatum,6,ind,no,1,,,1,
mogi,1,6,miquelianum,1,ind,no,1,,19.1666666666667,1,
mogi,1,6,miquelianum,1,ind,no,1,,1.66666666666667,1,
mogi,1,6,miquelianum,1,ind,no,1,,1.45454545454545,1,
mogi,1,6,miquelianum,1,ind,no,1,,0.375,1,
mogi,1,6,miquelianum,1,ind,no,1,,5.53658536585366,1,
mogi,1,6,miquelianum,1,ind,no,1,,4.58333333333333,1,
mogi,2,6,miquelianum,1,ind,no,1,,2.07692307692308,1,
mogi,2,6,miquelianum,1,ind,no,1,,9.28571428571429,1,
mogi,2,6,miquelianum,1,ind,no,1,,24,1,
mogi,2,6,miquelianum,1,ind,no,1,,1,1,
mogi,2,6,miquelianum,1,ind,no,1,,3,1,
mogi,2,6,miquelianum,1,ind,no,1,,0.75,1,
mogi,3,6,arboreum,2,clone,no,1,,9.3,1,
mogi,3,6,arboreum,2,clone,no,1,,5.08333333333333,1,
mogi,3,6,arboreum,2,clone,no,1,,2.2,1,
mogi,3,6,arboreum,2,clone,no,1,,1.66666666666667,1,
mogi,3,6,arboreum,2,clone,no,1,,4.61538461538462,1,
Ecuador,NA,7,escabrosa,2,clone,flood,1,,,1,
Ecuador,NA,7,escabrosa,2,clone,flood,1,,,1,
Ecuador,NA,7,kelleii,2,clone,flood,1,,,1,
Ecuador,NA,7,kelleii,2,clone,flood,1,,,1,
Ecuador,NA,7,kelleii,2,clone,flood,1,,,0,10/29/15
Ecuador,NA,7,kelleii,2,clone,flood,1,,,0,04/21/16
Costa Rica,NA,7,nudifolium,2,clone,flood,1,,,1,
Costa Rica,NA,7,imperiale,2,clone,flood,1,,,1,
Costa Rica,NA,7,nudifolium,2,clone,flood,1,,,1,
Costa Rica,NA,7,imperiale,2,clone,flood,1,,,1,
peru,NA,7,arboreum,2,clone,flood,1,,,1,
peru,NA,7,arboreum,2,clone,flood,1,,,1,
mogi,1,7,crassinervium,1,ind,no,1,,11.5,1,
mogi,1,7,crassinervium,1,ind,no,1,,5.83,1,
mogi,1,7,crassinervium,1,ind,no,1,,2.67,1,
mogi,2,7,arboreum,4,clone,no,1,,3.33333333333333,1,
mogi,2,7,miquelianum,4,clone,no,1,,8.18181818181818,1,
mogi,2,7,arboreum,4,clone,no,1,,11.8048780487805,1,
mogi,2,7,arboreum,4,clone,no,1,,11.9795918367347,1,
mogi,2,7,arboreum,4,clone,no,1,,22.2083333333333,0,
mogi,3,7,crassinervium,1,clone,no,1,,18.33,1,
Ecuador,NA,8,hispidum,2,clone,flood,1,,,1,
Ecuador,NA,8,hispidum,2,clone,flood,1,,,1,
Ecuador,NA,8,hispidum,2,clone,flood,1,,,1,
Ecuador,NA,8,baezanum,2,clone,flood,1,,,1,
Ecuador,NA,8,baezanum,2,clone,flood,1,,,1,
Ecuador,NA,8,baezanum,2,clone,flood,1,,,0,10/29/15
Ecuador,NA,8,baezanum,2,clone,flood,1,,,0,11/05/15
Costa Rica,NA,8,decurrens,2,clone,flood,1,,,1,
Costa Rica,NA,8,urostachyum,2,clone,flood,1,,,1,
Costa Rica,NA,8,decurrens,2,clone,flood,1,,,1,
Costa Rica,NA,8,decurrens,2,clone,flood,1,,,1,
Costa Rica,NA,8,urostachyum,2,clone,flood,1,,,1,
Costa Rica,NA,8,urostachyum,2,clone,flood,1,,,1,
Costa Rica,NA,8,decurrens,2,clone,flood,1,,,1,
Costa Rica,NA,8,decurrens,2,clone,flood,1,,,1,
Costa Rica,NA,8,urostachyum,2,clone,flood,1,,,1,
mogi,1,8,miquelianum,1,clone,no,1,,1.25,1,
mogi,1,8,miquelianum,1,clone,no,1,,12.6666666666667,1,
mogi,1,8,miquelianum,1,clone,no,1,,1.5,1,
mogi,1,8,miquelianum,1,clone,no,1,,0,1,
mogi,1,8,miquelianum,1,clone,no,1,,4.545454545,1,
mogi,1,8,miquelianum,1,clone,no,1,,28.3333333333333,1,
mogi,1,8,miquelianum,1,clone,no,1,,0.075,1,
mogi,1,8,miquelianum,1,clone,no,1,,0,1,
mogi,1,8,miquelianum,1,clone,no,1,,0,1,
mogi,1,8,miquelianum,1,clone,no,1,,0.333333333333333,1,
mogi,2,8,arboreum,1,clone,no,1,,6.75609756097561,1,
mogi,2,8,arboreum,1,clone,no,1,,18.6086956521739,1,
mogi,2,8,arboreum,1,clone,no,1,,0,1,
mogi,2,8,arboreum,1,clone,no,1,,2,1,
mogi,2,8,arboreum,1,clone,no,1,,1.71428571428571,1,
mogi,2,8,arboreum,1,clone,no,1,,2,1,
mogi,2,8,arboreum,1,clone,no,1,,3.83333333333333,1,
mogi,2,8,arboreum,1,clone,no,1,,6.77777777777778,1,
mogi,3,8,arboreum,1,ind,no,1,,8,1,
mogi,3,8,arboreum,1,ind,no,1,,21.125,1,
mogi,3,8,arboreum,1,ind,no,1,,23.61,1,
mogi,3,8,arboreum,1,ind,no,1,,10.25,1,
Ecuador,NA,9,perareolatum,2,clone,flood,1,,,0,09/03/15
Ecuador,NA,9,perareolatum,2,clone,flood,1,,,0,08/20/15
Ecuador,NA,9,perareolatum,2,clone,flood,1,,,0,08/20/15
Ecuador,NA,9,pubinervulum,2,clone,flood,1,,,1,
Ecuador,NA,9,pubinervulum,2,clone,flood,1,,,1,
Ecuador,NA,9,pubinervulum,2,clone,flood,1,,,1,
Ecuador,NA,9,pubinervulum,2,clone,flood,1,,,1,
Ecuador,NA,9,pubinervulum,2,clone,flood,1,,,1,
Ecuador,NA,9,pubinervulum,2,clone,flood,1,,,1,
Ecuador,NA,9,perareolatum,2,clone,flood,1,,,0,09/10/15
Ecuador,NA,9,perareolatum,2,clone,flood,1,,,0,09/03/15
Ecuador,NA,9,perareolatum,2,clone,flood,1,,,0,10/22/15
Costa Rica,NA,9,pseudobumbratum,2,clone,flood,1,,,1,
Costa Rica,NA,9,garagaranum,2,clone,flood,1,,,1,
peru,NA,9,lechlerianum,2,clone,flood,1,,,1,
peru,NA,9,armatum,2,clone,flood,1,,,1,
peru,NA,9,lechlerianum,2,clone,flood,1,,,1,
peru,NA,9,lechlerianum,2,clone,flood,1,,,1,
mogi,1,9,arboreum,1,ind,no,1,,2.375,1,
mogi,1,9,arboreum,1,ind,no,1,,5.6,1,
mogi,1,9,arboreum,1,ind,no,1,,4.33333333333333,1,
mogi,1,9,arboreum,1,ind,no,1,,3.15789473684211,1,
mogi,1,9,arboreum,1,ind,no,1,,8.42857142857143,1,
mogi,1,9,arboreum,1,ind,no,1,,0.714285714285714,1,
mogi,2,9,miquelianum,1,clone,no,1,,1.66666666666667,1,
mogi,2,9,miquelianum,1,clone,no,1,,1,1,
mogi,2,9,miquelianum,1,clone,no,1,,3,1,
mogi,2,9,miquelianum,1,clone,no,1,,2.23076923076923,1,
mogi,3,9,crassinervium,4,clone,no,1,,28,1,
mogi,3,9,miquelianum,4,clone,no,1,,12,1,
mogi,3,9,miquelianum,4,clone,no,1,,0.5,1,
mogi,3,9,richardifolium,4,clone,no,1,,12.4,1,
mogi,3,9,crassinervium,4,clone,no,1,,16.17,1,
mogi,3,9,miquelianum,4,clone,no,1,,1,1,
Ecuador,NA,10,pequenia,2,clone,flood,1,,,1,
Ecuador,NA,10,pequenia,2,clone,flood,1,,,1,
Ecuador,NA,10,pequenia,2,clone,flood,1,,,1,
Ecuador,NA,10,pequenia,2,clone,flood,1,,,1,
Ecuador,NA,10,pequenia,2,clone,flood,1,,,1,
Ecuador,NA,10,schupii,2,clone,flood,1,,,1,
peru,NA,10,arboreum,2,ind,flood,1,,,1,
peru,NA,10,glabribaccum,2,ind,flood,1,,,1,
peru,NA,10,arboreum,2,ind,flood,1,,,1,
mogi,2,10,richardifolium,1,clone,no,1,,26.125,1,
mogi,2,10,richardifolium,1,clone,no,1,,12,1,
mogi,2,10,richardifolium,1,clone,no,1,,5.8,1,
mogi,2,10,richardifolium,1,clone,no,1,,24.1428571428571,1,
mogi,2,10,richardifolium,1,clone,no,1,,4.8125,1,
mogi,2,10,richardifolium,1,clone,no,1,,45.125,1,
mogi,2,10,richardifolium,1,clone,no,1,,2.75,1,
mogi,2,10,richardifolium,1,clone,no,1,,56.4285714285714,1,
mogi,2,10,richardifolium,1,clone,no,1,,14.8666666666667,1,
mogi,3,10,richardifolium,1,clone,no,1,,7.75,1,
mogi,3,10,richardifolium,1,clone,no,1,,11,1,
Ecuador,NA,11,escabrosa,2,ind,flood,1,,,1,
Ecuador,NA,11,escabrosa,2,ind,flood,1,,,1,
Ecuador,NA,11,escabrosa,2,ind,flood,1,,,1,
Ecuador,NA,11,escabrosa,2,ind,flood,1,,,1,
Ecuador,NA,11,escabrosa,2,ind,flood,1,,,1,
Ecuador,NA,11,escabrosa,2,ind,flood,1,,,1,
Ecuador,NA,11,kelleii,2,ind,flood,1,,,1,
Ecuador,NA,11,kelleii,2,ind,flood,1,,,1,
Ecuador,NA,11,kelleii,2,ind,flood,1,,,1,
Ecuador,NA,11,kelleii,2,ind,flood,1,,,1,
Costa Rica,NA,11,imperiale,2,clone,no,1,,,1,
Costa Rica,NA,11,nudifolium,2,clone,no,1,,,1,
Costa Rica,NA,11,nudifolium,2,clone,no,1,,,1,
Costa Rica,NA,11,nudifolium,2,clone,no,1,,,1,
Costa Rica,NA,11,imperiale,2,clone,no,1,,,1,
Costa Rica,NA,11,imperiale,2,clone,no,1,,,1,
Costa Rica,NA,11,nudifolium,2,clone,no,1,,,1,
mogi,1,11,richardifolium,1,ind,no,1,,9.83333333333333,1,
mogi,3,11,arboreum,2,ind,no,1,,5,1,
mogi,3,11,arboreum,2,ind,no,1,,0.33,1,
mogi,3,11,richardifolium,2,ind,no,1,,4.8,1,
mogi,3,11,arboreum,2,ind,no,1,,0.66,1,
Ecuador,NA,12,hispidum,2,ind,flood,1,,,0,12/31/15
Ecuador,NA,12,hispidum,2,ind,flood,1,,,0,08/13/15
Ecuador,NA,12,hispidum,2,ind,flood,1,,,0,09/17/15
Ecuador,NA,12,hispidum,2,ind,flood,1,,,0,10/08/15
Ecuador,NA,12,hispidum,2,ind,flood,1,,,1,
Ecuador,NA,12,baezanum,2,ind,flood,1,,,1,
Ecuador,NA,12,baezanum,2,ind,flood,1,,,1,
Ecuador,NA,12,baezanum,2,ind,flood,1,,,1,
Costa Rica,NA,12,decurrens,2,ind,flood,1,,,1,
Costa Rica,NA,12,urostachyum,2,ind,flood,1,,,1,
Costa Rica,NA,12,decurrens,2,ind,flood,1,,,1,
Costa Rica,NA,12,decurrens,2,ind,flood,1,,,1,
Costa Rica,NA,12,urostachyum,2,ind,flood,1,,,1,
Costa Rica,NA,12,urostachyum,2,ind,flood,1,,,1,
Costa Rica,NA,12,urostachyum,2,ind,flood,1,,,1,
Costa Rica,NA,12,urostachyum,2,ind,flood,1,,,1,
Costa Rica,NA,12,decurrens,2,ind,flood,1,,,1,
Costa Rica,NA,12,urostachyum,2,ind,flood,1,,,1,
Costa Rica,NA,12,decurrens,2,ind,flood,1,,,1,
peru,NA,12,lechlerianum,2,ind,flood,1,,,1,
peru,NA,12,lechlerianum,2,ind,flood,1,,,1,
mogi,1,12,arboreum,1,clone,no,1,,20.2857142857143,1,
mogi,1,12,arboreum,1,clone,no,1,,16.92,1,
mogi,1,12,arboreum,1,clone,no,1,,9.8,1,
mogi,1,12,arboreum,1,clone,no,1,,12.6190476190476,1,
mogi,1,12,arboreum,1,clone,no,1,,20,1,
mogi,1,12,arboreum,1,clone,no,1,,1.16666666666667,1,
mogi,1,12,arboreum,1,clone,no,1,,4.33333333333333,1,
mogi,1,12,arboreum,1,clone,no,1,,6.08333333333333,1,
mogi,1,12,arboreum,1,clone,no,1,,9.91666666666667,1,
mogi,2,12,richardifolium,2,ind,no,1,,2.93333333333333,1,
mogi,2,12,richardifolium,2,ind,no,1,,1.83333333333333,1,
mogi,2,12,richardifolium,2,ind,no,1,,3,1,
mogi,2,12,richardifolium,2,ind,no,1,,32.3333333333333,1,
mogi,3,12,richardifolium,1,ind,no,1,,20,1,
mogi,3,12,richardifolium,1,ind,no,1,,29.82,1,
mogi,3,12,richardifolium,1,ind,no,1,,16.6,1,
mogi,3,12,richardifolium,1,ind,no,1,,8,1,
Ecuador,NA,13,perareolatum,2,ind,flood,1,,,1,
Ecuador,NA,13,perareolatum,2,ind,flood,1,,,1,
Ecuador,NA,13,perareolatum,2,ind,flood,1,,,1,
Ecuador,NA,13,perareolatum,2,ind,flood,1,,,1,
Ecuador,NA,13,perareolatum,2,ind,flood,1,,,1,
Ecuador,NA,13,pubinervulum,2,ind,flood,1,,,1,
Ecuador,NA,13,pubinervulum,2,ind,flood,1,,,1,
Ecuador,NA,13,pubinervulum,2,ind,flood,1,,,1,
Ecuador,NA,13,pubinervulum,2,ind,flood,1,,,1,
Ecuador,NA,13,pubinervulum,2,ind,flood,1,,,1,
Costa Rica,NA,13,pseudobumbratum,2,ind,flood,1,,,1,
Costa Rica,NA,13,garagaranum,2,ind,flood,1,,,1,
Costa Rica,NA,13,garagaranum,2,ind,flood,1,,,1,
Costa Rica,NA,13,pseudobumbratum,2,ind,flood,1,,,1,
Costa Rica,NA,13,garagaranum,2,ind,flood,1,,,1,
Costa Rica,NA,13,pseudobumbratum,2,ind,flood,1,,,1,
Ecuador,NA,14,pequenia,2,ind,flood,1,,,1,
Ecuador,NA,14,pequenia,2,ind,flood,1,,,1,
Ecuador,NA,14,pequenia,2,ind,flood,1,,,1,
Ecuador,NA,14,pequenia,2,ind,flood,1,,,1,
Ecuador,NA,14,pequenia,2,ind,flood,1,,,1,
Ecuador,NA,14,pequenia,2,ind,flood,1,,,1,
Ecuador,NA,14,schupii,2,ind,flood,1,,,1,
Ecuador,NA,14,schupii,2,ind,flood,1,,,1,
Ecuador,NA,14,schupii,2,ind,flood,1,,,1,
Ecuador,NA,14,schupii,2,ind,flood,1,,,1,
Ecuador,NA,14,schupii,2,ind,flood,1,,,0,12/23/15
Ecuador,NA,14,schupii,2,ind,flood,1,,,0,08/20/15
Costa Rica,NA,14,reticulatum,2,ind,flood,1,,,1,
Costa Rica,NA,14,peltatum,2,ind,flood,1,,,1,
Costa Rica,NA,14,reticulatum,2,ind,flood,1,,,1,
Costa Rica,NA,14,reticulatum,2,ind,flood,1,,,1,
Costa Rica,NA,14,reticulatum,2,ind,flood,1,,,1,
Costa Rica,NA,14,reticulatum,2,ind,flood,1,,,1,
Costa Rica,NA,14,peltatum,2,ind,flood,1,,,1,
Ecuador,NA,15,escabrosa,2,clone,no,1,,,1,
Ecuador,NA,15,escabrosa,2,clone,no,1,,,1,
Ecuador,NA,15,kelleii,2,clone,no,1,,,1,
Ecuador,NA,15,kelleii,2,clone,no,1,,,1,
Costa Rica,NA,15,imperiale,2,clone,no,1,,,1,
Costa Rica,NA,15,imperiale,2,clone,no,1,,,1,
Costa Rica,NA,15,imperiale,2,clone,no,1,,,1,
Costa Rica,NA,15,nudifolium,2,clone,no,1,,,1,
Costa Rica,NA,15,imperiale,2,clone,no,1,,,1,
Costa Rica,NA,15,imperiale,2,clone,no,1,,,1,
Costa Rica,NA,15,nudifolium,2,clone,no,1,,,1,
Ecuador,NA,16,hispidum,2,clone,no,1,,,1,
Ecuador,NA,16,hispidum,2,clone,no,1,,,1,
Ecuador,NA,16,hispidum,2,clone,no,1,,,1,
Ecuador,NA,16,baezanum,2,clone,no,1,,,1,
Ecuador,NA,16,baezanum,2,clone,no,1,,,0,12/10/15
Costa Rica,NA,16,urostachyum,2,clone,no,1,,,1,
Costa Rica,NA,16,urostachyum,2,clone,no,1,,,1,
Costa Rica,NA,16,decurrens,2,clone,no,1,,,1,
Costa Rica,NA,16,urostachyum,2,clone,no,1,,,1,
peru,NA,16,arboreum,2,ind,no,1,,,1,
Ecuador,NA,17,perareolatum,2,clone,no,1,,,1,
Ecuador,NA,17,perareolatum,2,clone,no,1,,,1,
Ecuador,NA,17,perareolatum,2,clone,no,1,,,1,
Ecuador,NA,17,pubinervulum,2,clone,no,1,,,1,
Ecuador,NA,17,pubinervulum,2,clone,no,1,,,1,
Ecuador,NA,17,pubinervulum,2,clone,no,1,,,1,
Ecuador,NA,17,pubinervulum,2,clone,no,1,,,1,
Ecuador,NA,17,pubinervulum,2,clone,no,1,,,1,
Costa Rica,NA,17,garagaranum,2,clone,no,1,,,1,
Costa Rica,NA,17,garagaranum,2,clone,no,1,,,1,
Costa Rica,NA,17,garagaranum,2,clone,no,1,,,1,
Costa Rica,NA,17,garagaranum,2,clone,no,1,,,1,
Costa Rica,NA,17,pseudobumbratum,2,clone,no,1,,,1,
Costa Rica,NA,17,garagaranum,2,clone,no,1,,,1,
Costa Rica,NA,17,pseudobumbratum,2,clone,no,1,,,1,
peru,NA,17,reticulatum,2,ind,no,1,,,1,
Ecuador,NA,18,pequenia,2,clone,no,1,,,1,
Ecuador,NA,18,pequenia,2,clone,no,1,,,1,
Ecuador,NA,18,pequenia,2,clone,no,1,,,1,
peru,NA,18,lechlerianum,2,ind,no,1,,,1,
peru,NA,18,lechlerianum,2,ind,no,1,,,1,
peru,NA,18,armatum,2,ind,no,1,,,1,
Ecuador,NA,19,escabrosa,2,ind,no,1,,,1,
Ecuador,NA,19,escabrosa,2,ind,no,1,,,1,
Ecuador,NA,19,escabrosa,2,ind,no,1,,,1,
Ecuador,NA,19,escabrosa,2,ind,no,1,,,1,
Ecuador,NA,19,escabrosa,2,ind,no,1,,,1,
Ecuador,NA,19,kelleii,2,ind,no,1,,,1,
Ecuador,NA,19,kelleii,2,ind,no,1,,,1,
Ecuador,NA,19,kelleii,2,ind,no,1,,,1,
Ecuador,NA,19,kelleii,2,ind,no,1,,,1,
Costa Rica,NA,19,nudifolium,2,ind,no,1,,,1,
Costa Rica,NA,19,imperiale,2,ind,no,1,,,1,
Costa Rica,NA,19,nudifolium,2,ind,no,1,,,1,
Costa Rica,NA,19,nudifolium,2,ind,no,1,,,1,
Costa Rica,NA,19,imperiale,2,ind,no,1,,,1,
Costa Rica,NA,19,imperiale,2,ind,no,1,,,1,
Costa Rica,NA,19,imperiale,2,ind,no,1,,,1,
Ecuador,NA,20,hispidum,2,ind,no,1,,,1,
Ecuador,NA,20,hispidum,2,ind,no,1,,,1,
Ecuador,NA,20,hispidum,2,ind,no,1,,,1,
Ecuador,NA,20,hispidum,2,ind,no,1,,,0,11/19/15
Ecuador,NA,20,hispidum,2,ind,no,1,,,0,12/31/15
Ecuador,NA,20,hispidum,2,ind,no,1,,,1,
Ecuador,NA,20,baezanum,2,ind,no,1,,,1,
Ecuador,NA,20,baezanum,2,ind,no,1,,,1,
Ecuador,NA,20,baezanum,2,ind,no,1,,,1,
Ecuador,NA,20,baezanum,2,ind,no,1,,,1,
Ecuador,NA,20,baezanum,2,ind,no,1,,,1,
Ecuador,NA,20,baezanum,2,ind,no,1,,,1,
Costa Rica,NA,20,urostachyum,2,ind,no,1,,,1,
Costa Rica,NA,20,urostachyum,2,ind,no,1,,,1,
Costa Rica,NA,20,urostachyum,2,ind,no,1,,,1,
Costa Rica,NA,20,urostachyum,2,ind,no,1,,,1,
Costa Rica,NA,20,urostachyum,2,ind,no,1,,,1,
Ecuador,NA,21,perareolatum,2,ind,no,1,,,1,
Ecuador,NA,21,perareolatum,2,ind,no,1,,,1,
Ecuador,NA,21,perareolatum,2,ind,no,1,,,1,
Ecuador,NA,21,perareolatum,2,ind,no,1,,,1,
Ecuador,NA,21,pubinervulum,2,ind,no,1,,,1,
Ecuador,NA,21,pubinervulum,2,ind,no,1,,,0,09/03/15
Ecuador,NA,21,pubinervulum,2,ind,no,1,,,0,11/26/15
Costa Rica,NA,21,garagaranum,2,ind,no,1,,,1,
Costa Rica,NA,21,garagaranum,2,ind,no,1,,,1,
Costa Rica,NA,21,garagaranum,2,ind,no,1,,,1,
Costa Rica,NA,21,garagaranum,2,ind,no,1,,,1,
Costa Rica,NA,21,pseudobumbratum,2,ind,no,1,,,1,
Ecuador,NA,22,pequenia,2,ind,no,1,,,1,
Ecuador,NA,22,pequenia,2,ind,no,1,,,1,
Ecuador,NA,22,pequenia,2,ind,no,1,,,1,
Ecuador,NA,22,pequenia,2,ind,no,1,,,1,
Ecuador,NA,22,pequenia,2,ind,no,1,,,1,
Ecuador,NA,22,schupii,2,ind,no,1,,,1,
Ecuador,NA,22,schupii,2,ind,no,1,,,1,
Ecuador,NA,22,schupii,2,ind,no,1,,,1,
Ecuador,NA,22,schupii,2,ind,no,1,,,1,
Ecuador,NA,22,schupii,2,ind,no,1,,,1,
Costa Rica,NA,22,reticulatum,2,ind,no,1,,,1,
Costa Rica,NA,22,reticulatum,2,ind,no,1,,,1,
Costa Rica,NA,22,reticulatum,2,ind,no,1,,,1,
Costa Rica,NA,22,reticulatum,2,ind,no,1,,,1,
Ecuador,NA,23,kelleii,1,clone,no,1,,,0,09/03/15
Ecuador,NA,23,kelleii,1,clone,no,1,,,0,08/20/15
Ecuador,NA,23,kelleii,1,clone,no,1,,,0,03/03/16
Ecuador,NA,23,kelleii,1,clone,no,1,,,1,
Ecuador,NA,23,kelleii,1,clone,no,1,,,1,
Ecuador,NA,23,kelleii,1,clone,no,1,,,1,
Ecuador,NA,23,kelleii,1,clone,no,1,,,1,
Ecuador,NA,23,kelleii,1,clone,no,1,,,1,
Ecuador,NA,23,kelleii,1,clone,no,1,,,1,
Ecuador,NA,23,kelleii,1,clone,no,1,,,1,
Ecuador,NA,23,kelleii,1,clone,no,1,,,1,
Ecuador,NA,23,kelleii,1,clone,no,1,,,1,
Costa Rica,NA,23,imperiale,1,clone,no,1,,,1,
Costa Rica,NA,23,imperiale,1,clone,no,1,,,1,
Costa Rica,NA,23,imperiale,1,clone,no,1,,,1,
Costa Rica,NA,23,imperiale,1,clone,no,1,,,1,
Costa Rica,NA,23,imperiale,1,clone,no,1,,,1,
Costa Rica,NA,23,imperiale,1,clone,no,1,,,1,
Costa Rica,NA,23,imperiale,1,clone,no,1,,,1,
Costa Rica,NA,23,imperiale,1,clone,no,1,,,1,
Costa Rica,NA,23,imperiale,1,clone,no,1,,,1,
Ecuador,NA,24,baezanum,1,clone,no,1,,,0,10/08/15
Ecuador,NA,24,baezanum,1,clone,no,1,,,0,12/06/15
Ecuador,NA,24,baezanum,1,clone,no,1,,,0,10/08/15
Ecuador,NA,24,baezanum,1,clone,no,1,,,0,10/08/15
Ecuador,NA,24,baezanum,1,clone,no,1,,,0,10/08/15
Ecuador,NA,24,baezanum,1,clone,no,1,,,1,
Costa Rica,NA,24,urostachyum,1,clone,no,1,,,1,
Costa Rica,NA,24,urostachyum,1,clone,no,1,,,1,
Costa Rica,NA,24,urostachyum,1,clone,no,1,,,1,
Costa Rica,NA,24,urostachyum,1,clone,no,1,,,1,
Costa Rica,NA,24,urostachyum,1,clone,no,1,,,1,
Costa Rica,NA,24,urostachyum,1,clone,no,1,,,1,
Costa Rica,NA,24,urostachyum,1,clone,no,1,,,1,
Costa Rica,NA,24,urostachyum,1,clone,no,1,,,1,
Costa Rica,NA,24,urostachyum,1,clone,no,1,,,1,
Costa Rica,NA,24,urostachyum,1,clone,no,1,,,1,
Ecuador,NA,25,pubinervulum,1,clone,no,1,,,1,
Ecuador,NA,25,pubinervulum,1,clone,no,1,,,1,
Ecuador,NA,25,pubinervulum,1,clone,no,1,,,1,
Ecuador,NA,25,pubinervulum,1,clone,no,1,,,1,
Ecuador,NA,25,pubinervulum,1,clone,no,1,,,1,
Ecuador,NA,25,pubinervulum,1,clone,no,1,,,1,
Ecuador,NA,25,pubinervulum,1,clone,no,1,,,1,
Ecuador,NA,25,pubinervulum,1,clone,no,1,,,1,
Costa Rica,NA,25,pseudobumbratum,1,clone,no,1,,,1,
Costa Rica,NA,25,pseudobumbratum,1,clone,no,1,,,1,
Ecuador,NA,26,schupii,1,clone,no,1,,,1,
Ecuador,NA,26,schupii,1,clone,no,1,,,1,
Ecuador,NA,26,schupii,1,clone,no,1,,,1,
Ecuador,NA,26,schupii,1,clone,no,1,,,1,
Ecuador,NA,26,schupii,1,clone,no,1,,,1,
Ecuador,NA,26,schupii,1,clone,no,1,,,1,
peru,NA,26,arboreum,1,ind,flood,1,,,1,
peru,NA,26,arboreum,1,ind,flood,1,,,1,
Ecuador,NA,27,kelleii,1,ind,no,1,,,1,
Ecuador,NA,27,kelleii,1,ind,no,1,,,1,
Ecuador,NA,27,kelleii,1,ind,no,1,,,1,
Ecuador,NA,27,kelleii,1,ind,no,1,,,1,
Ecuador,NA,27,kelleii,1,ind,no,1,,,1,
Ecuador,NA,27,kelleii,1,ind,no,1,,,1,
Ecuador,NA,27,kelleii,1,ind,no,1,,,1,
Ecuador,NA,27,kelleii,1,ind,no,1,,,1,
Ecuador,NA,27,kelleii,1,ind,no,1,,,0,01/14/16
Ecuador,NA,27,kelleii,1,ind,no,1,,,0,01/21/16
Ecuador,NA,27,kelleii,1,ind,no,1,,,0,12/05/15
Costa Rica,NA,27,imperiale,1,ind,no,1,,,1,
Costa Rica,NA,27,imperiale,1,ind,no,1,,,1,
Costa Rica,NA,27,imperiale,1,ind,no,1,,,1,
Costa Rica,NA,27,imperiale,1,ind,no,1,,,1,
Costa Rica,NA,27,imperiale,1,ind,no,1,,,1,
peru,NA,27,reticulatum,1,ind,flood,1,,,1,
Ecuador,NA,28,baezanum,1,ind,no,1,,,1,
Ecuador,NA,28,baezanum,1,ind,no,1,,,1,
Ecuador,NA,28,baezanum,1,ind,no,1,,,1,
Ecuador,NA,28,baezanum,1,ind,no,1,,,1,
Ecuador,NA,28,baezanum,1,ind,no,1,,,1,
Ecuador,NA,28,baezanum,1,ind,no,1,,,1,
Ecuador,NA,28,baezanum,1,ind,no,1,,,1,
Ecuador,NA,28,baezanum,1,ind,no,1,,,1,
Ecuador,NA,28,baezanum,1,ind,no,1,,,0,01/21/16
Ecuador,NA,28,baezanum,1,ind,no,1,,,0,12/23/15
Costa Rica,NA,28,urostachyum,1,ind,no,1,,,1,
Ecuador,NA,29,pubinervulum,1,ind,no,1,,,1,
Ecuador,NA,29,pubinervulum,1,ind,no,1,,,1,
Ecuador,NA,29,pubinervulum,1,ind,no,1,,,1,
Ecuador,NA,29,pubinervulum,1,ind,no,1,,,1,
Ecuador,NA,29,pubinervulum,1,ind,no,1,,,1,
Ecuador,NA,29,pubinervulum,1,ind,no,1,,,1,
Ecuador,NA,29,pubinervulum,1,ind,no,1,,,1,
Ecuador,NA,29,pubinervulum,1,ind,no,1,,,1,
Ecuador,NA,29,pubinervulum,1,ind,no,1,,,0,10/29/15
Costa Rica,NA,29,pseudobumbratum,1,ind,no,1,,,1,
Costa Rica,NA,29,pseudobumbratum,1,ind,no,1,,,1,
Costa Rica,NA,29,pseudobumbratum,1,ind,no,1,,,1,
peru,NA,29,armatum,1,ind,flood,1,,,1,
peru,NA,29,armatum,1,ind,flood,1,,,1,
Ecuador,NA,30,schupii,1,ind,no,1,,,1,
Ecuador,NA,30,schupii,1,ind,no,1,,,1,
Ecuador,NA,30,schupii,1,ind,no,1,,,1,
Ecuador,NA,30,schupii,1,ind,no,1,,,1,
Ecuador,NA,30,schupii,1,ind,no,1,,,1,
Ecuador,NA,30,schupii,1,ind,no,1,,,1,
Ecuador,NA,30,schupii,1,ind,no,1,,,1,
Ecuador,NA,30,schupii,1,ind,no,1,,,1,
Ecuador,NA,30,schupii,1,ind,no,1,,,1,
peru,NA,30,lechlerianum,1,ind,flood,1,,,1,
Brazil,1,A1,vicosanum,3,clone,no,1,,29,1,
Brazil,1,A1,vicosanum,3,clone,no,1,,14.4,1,
Brazil,1,A1,corcovadense,3,clone,no,1,,22.5,1,
Brazil,2,A2,vicosanum,3,clone,no,1,,8.5,1,
Brazil,2,A2,corcovadense,3,clone,no,1,,42.5,1,
Brazil,2,A2,vicosanum,3,clone,no,1,,14.3333333333333,1,
Brazil,3,A3,vicosanum,3,clone,no,1,,34.1666666666667,1,
Brazil,3,A3,corcovadense,3,clone,no,1,,26.3333333333333,1,
Brazil,1,B1,corcovadense,1,clone,no,1,,14.3333333333333,1,
Brazil,1,B1,corcovadense,1,clone,no,1,,30.8571428571429,1,
Brazil,1,B1,corcovadense,1,clone,no,1,,60,1,
Brazil,1,B1,corcovadense,1,clone,no,1,,72.5,1,
Brazil,1,B1,corcovadense,1,clone,no,1,,18.4,1,
Brazil,2,B2,corcovadense,1,clone,no,1,,29,1,
Brazil,1,C1,lepturum,1,clone,no,1,,18,1,
Brazil,2,C2,lepturum,1,clone,no,1,,5,1,
Brazil,2,C2,lepturum,1,clone,no,1,,23.75,1,
Brazil,2,C2,lepturum,1,clone,no,1,,20.8571428571429,1,
Brazil,1,D1,vicosanum,1,clone,no,1,,23.5,1,
Brazil,1,D1,vicosanum,1,clone,no,1,,22.6666666666667,1,
Brazil,1,D1,vicosanum,1,clone,no,1,,35,1,
Brazil,1,D1,vicosanum,1,clone,no,1,,10.75,1,
Brazil,2,D2,vicosanum,1,clone,no,1,,12,1,
Brazil,2,D2,vicosanum,1,clone,no,1,,8.66666666666667,1,
Brazil,2,D2,vicosanum,1,clone,no,1,,8.4,1,
Brazil,2,D2,vicosanum,1,clone,no,1,,23.25,1,
Brazil,2,D2,vicosanum,1,clone,no,1,,8.75,1,
Brazil,2,D2,vicosanum,1,clone,no,1,,16.5,1,
Brazil,1,E1,lepturum,3,ind,no,1,,14,1,
Brazil,1,E1,lepturum,3,ind,no,1,,10.5,1,
Brazil,1,E1,vicosanum,3,ind,no,1,,39.5,1,
Brazil,1,E1,vicosanum,3,ind,no,1,,16.6666666666667,1,
Brazil,2,E2,vicosanum,3,ind,no,1,,8,1,
Brazil,2,E2,corcovadense,3,ind,no,1,,24,1,
Brazil,1,F1,corcovadense,1,ind,no,1,,42.5,1,
Brazil,1,F1,corcovadense,1,ind,no,1,,40,1,
Brazil,1,F1,corcovadense,1,ind,no,1,,47.25,1,
Brazil,2,F2,corcovadense,1,ind,no,1,,60,1,
Brazil,2,F2,corcovadense,1,ind,no,1,,18,1,
Brazil,3,F3,corcovadense,1,ind,no,1,,9.5,1,
Brazil,3,F3,corcovadense,1,ind,no,1,,12,1,
Brazil,3,F3,corcovadense,1,ind,no,1,,22,1,
Brazil,3,F3,corcovadense,1,ind,no,1,,12.6666666666667,1,
Brazil,3,F3,vicosanum,1,ind,no,1,,24.5,1,
Brazil,3,F3,corcovadense,1,ind,no,1,,21,1,
Brazil,1,G1,lepturum,1,ind,no,1,,20,1,
Brazil,1,G1,lepturum,1,ind,no,1,,40,1,
Brazil,2,G2,lepturum,1,ind,no,1,,30,1,
Brazil,2,G2,lepturum,1,ind,no,1,,28,1,
Brazil,1,H1,vicosanum,1,ind,no,1,,65,1,
Brazil,1,H1,vicosanum,1,ind,no,1,,3,1,
Brazil,1,H1,vicosanum,1,ind,no,1,,7.66666666666667,1,
Brazil,1,H1,vicosanum,1,ind,no,1,,12.8,1,
Brazil,1,H1,vicosanum,1,ind,no,1,,26.6,1,
Brazil,2,H2,vicosanum,1,ind,no,1,,12,1,
Brazil,3,H3,vicosanum,1,ind,no,1,,13.6666666666667,1,
