"","site","block","plot","plant","date","herb","rich"
"1",NA,NA,NA,NA,NA,NA,NA
"2","mogi",1,"8","2300","three",20.6666666666667,2
"3","mogi",1,"8","1473","three",16.6666666666667,1
"4","mogi",1,"8","1470","three",0.5,1
"5","mogi",1,"8","1469","three",38,1
"6","mogi",1,"8","1460","three",26.6666666666667,1
"7","mogi",1,"8","1453","three",0.25,1
"8","mogi",1,"8","1451","three",23.75,1
"9","mogi",1,"8","1446","three",40,1
"10","mogi",1,"8","1436","three",0,0
"11","mogi",1,"8","1425","three",16.6666666666667,1
"12","mogi",1,"8","2300","one",30.5,2
"13","mogi",1,"8","1473","one",50,2
"14","mogi",1,"8","1470","one",34.7142857142857,2
"15","mogi",1,"8","1469","one",46.375,1
"16","mogi",1,"8","1460","one",36.6666666666667,1
"17","mogi",1,"8","1453","one",6.375,2
"18","mogi",1,"8","1451","one",34,2
"19","mogi",1,"8","1446","one",22.4,2
"20","mogi",1,"8","1436","one",0,0
"21","mogi",1,"8","1425","one",26.5,2
"22","mogi",1,"8","1419","one",50,2
"23","mogi",1,"8","2300","two",40.5,2
"24","mogi",1,"8","1473","two",54,1
"25","mogi",1,"8","1470","two",0,0
"26","mogi",1,"8","1469","two",44.1666666666667,1
"27","mogi",1,"8","1453","two",0.25,1
"28","mogi",1,"8","1451","two",33.6,1
"29","mogi",1,"8","1446","two",21.6,2
"30","mogi",1,"8","1436","two",0,0
"31","mogi",1,"8","1425","two",24,1
"32","mogi",1,"8","1419","two",55,2
"33","mogi",1,"8","2300","final",0.333333333333333,1
"34","mogi",1,"8","1473","final",0,0
"35","mogi",1,"8","1470","final",0,0
"36","mogi",1,"8","1469","final",0.075,1
"37","mogi",1,"8","1460","final",28.3333333333333,2
"38","mogi",1,"8","1451","final",4.545454545,0
"39","mogi",1,"8","1446","final",0,0
"40","mogi",1,"8","1436","final",1.5,1
"41","mogi",1,"8","1425","final",12.6666666666667,1
"42","mogi",1,"8","1419","final",1.25,1
"43","mogi",1,"5","2282","four",15.8333333333333,2
"44","mogi",1,"5","2207","four",15.1666666666667,2
"45","mogi",1,"5","1440","four",11.4,1
"46","mogi",1,"5","1429","four",0.333333333333333,1
"47","mogi",1,"5","1083","four",23.2,2
"48","mogi",1,"5","1073","four",3.66666666666667,2
"49","mogi",1,"5","1057","four",2.83333333333333,2
"50","mogi",1,"5","1021","four",10.4,2
"51","mogi",1,"5","1007","four",8.2,2
"52","mogi",1,"5","2282","three",16.6666666666667,1
"53","mogi",1,"5","2207","three",47.5,1
"54","mogi",1,"5","1440","three",15.7142857142857,1
"55","mogi",1,"5","1429","three",0.5,1
"56","mogi",1,"5","1083","three",26.6666666666667,1
"57","mogi",1,"5","1073","three",7.66666666666667,2
"58","mogi",1,"5","1057","three",1.25,2
"59","mogi",1,"5","1021","three",0,0
"60","mogi",1,"5","1007","three",5.85714285714286,2
"61","mogi",1,"5","2282","two",40,1
"62","mogi",1,"5","2207","two",30.6666666666667,1
"63","mogi",1,"5","1440","two",9,1
"64","mogi",1,"5","1429","two",1,1
"65","mogi",1,"5","1083","two",42.5,1
"66","mogi",1,"5","1073","two",4,1
"67","mogi",1,"5","1057","two",1.75,1
"68","mogi",1,"5","1021","two",6,1
"69","mogi",1,"5","1007","two",1.33333333333333,1
"70","mogi",1,"5","2282","final",4.66666666666667,1
"71","mogi",1,"5","2207","final",0.5,1
"72","mogi",1,"5","1440","final",13,2
"73","mogi",1,"5","1429","final",15.8,3
"74","mogi",1,"5","1073","final",2,2
"75","mogi",1,"5","1057","final",0.35,0
"76","mogi",1,"5","1021","final",22.6666666666667,1
"77","mogi",1,"5","1007","final",12,6
"78","mogi",1,"9","2213","one",2,1
"79","mogi",1,"9","1499","one",0,0
"80","mogi",1,"9","1496","one",3.5,2
"81","mogi",1,"9","1484","one",0,0
"82","mogi",1,"9","1482","one",3.5,2
"83","mogi",1,"9","1480","one",6,0
"84","mogi",1,"9","1479","one",3.5,1
"85","mogi",1,"9","1456","one",1.66666666666667,1
"86","mogi",1,"9","1452","one",4.66666666666667,0
"87","mogi",1,"9","1312","one",0,0
"88","mogi",1,"9","1499","three",0.333333333333333,1
"89","mogi",1,"9","1484","three",0,0
"90","mogi",1,"9","1482","three",3.25,1
"91","mogi",1,"9","1479","three",1.16666666666667,1
"92","mogi",1,"9","1456","three",0.75,0
"93","mogi",1,"9","1452","three",3,2
"94","mogi",1,"9","1409","three",1,0
"95","mogi",1,"9","1499","two",2,1
"96","mogi",1,"9","1484","two",3.71428571428571,2
"97","mogi",1,"9","1482","two",19.5,2
"98","mogi",1,"9","1480","two",0,0
"99","mogi",1,"9","1479","two",18.4,1
"100","mogi",1,"9","1456","two",3.5,2
"101","mogi",1,"9","1452","two",2,1
"102","mogi",1,"9","1409","two",1,1
"103","mogi",1,"9","1499","final",0.714285714285714,1
"104","mogi",1,"9","1482","final",8.42857142857143,3
"105","mogi",1,"9","1479","final",3.15789473684211,2
"106","mogi",1,"9","1456","final",4.33333333333333,1
"107","mogi",1,"9","1452","final",5.6,2
"108","mogi",1,"9","1409","final",2.375,2
"109","mogi",1,"6","2201","three",22.6,1
"110","mogi",1,"6","1478","three",0.4,1
"111","mogi",1,"6","1457","three",11,2
"112","mogi",1,"6","1444","three",0,0
"113","mogi",1,"6","1424","three",14.6666666666667,2
"114","mogi",1,"6","1385","three",28.5,1
"115","mogi",1,"6","1048","three",23.6,1
"116","mogi",1,"6","1008","three",9.42857142857143,2
"117","mogi",1,"6","2201","one",41.3333333333333,2
"118","mogi",1,"6","1478","one",0,0
"119","mogi",1,"6","1477","one",0,0
"120","mogi",1,"6","1457","one",4,2
"121","mogi",1,"6","1444","one",33.3333333333333,2
"122","mogi",1,"6","1424","one",25.5,3
"123","mogi",1,"6","1385","one",9.625,2
"124","mogi",1,"6","1048","one",40.5,1
"125","mogi",1,"6","1036","one",0,0
"126","mogi",1,"6","1008","one",20,2
"127","mogi",1,"6","2201","two",37.6666666666667,2
"128","mogi",1,"6","1478","two",0,0
"129","mogi",1,"6","1477","two",19.5,1
"130","mogi",1,"6","1457","two",12,1
"131","mogi",1,"6","1444","two",25,2
"132","mogi",1,"6","1424","two",15.5,2
"133","mogi",1,"6","1385","two",14,1
"134","mogi",1,"6","1048","two",42,1
"135","mogi",1,"6","1036","two",0,0
"136","mogi",1,"6","1008","two",19.5,2
"137","mogi",1,"6","1478","four",0,0
"138","mogi",1,"6","1477","four",10.5,2
"139","mogi",1,"6","1457","four",6.5,2
"140","mogi",1,"6","1385","four",16.6666666666667,1
"141","mogi",1,"6","1048","four",10.3333333333333,2
"142","mogi",1,"6","1008","four",8.81818181818182,1
"143","mogi",1,"6","1478","final",4.58333333333333,1
"144","mogi",1,"6","1477","final",5.53658536585366,2
"145","mogi",1,"6","1444","final",0.375,2
"146","mogi",1,"6","1424","final",1.45454545454545,2
"147","mogi",1,"6","1385","final",1.66666666666667,1
"148","mogi",1,"6","1048","final",19.1666666666667,4
"149","mogi",1,"7","1500","one",0,0
"150","mogi",1,"7","1476","one",4,2
"151","mogi",1,"7","1461","one",20,3
"152","mogi",1,"7","1448","one",40,2
"153","mogi",1,"7","1439","one",0.6,1
"154","mogi",1,"7","1268","one",18.6666666666667,3
"155","mogi",1,"7","1259","one",40,1
"156","mogi",1,"7","1249","one",5.25,1
"157","mogi",1,"7","1087","one",1.25,1
"158","mogi",1,"7","1085","one",26,2
"159","mogi",1,"7","1058","one",4,3
"160","mogi",1,"7","1011","one",16.25,2
"161","mogi",1,"7","1500","two",0,0
"162","mogi",1,"7","1448","two",21.3333333333333,2
"163","mogi",1,"7","1268","two",29,2
"164","mogi",1,"7","1259","two",40.5,2
"165","mogi",1,"7","1249","two",7.66666666666667,2
"166","mogi",1,"7","1087","two",33.3333333333333,1
"167","mogi",1,"7","1058","two",0,0
"168","mogi",1,"7","1011","two",21.75,2
"169","mogi",1,"7","1500","three",4,2
"170","mogi",1,"7","1448","three",16.6666666666667,1
"171","mogi",1,"7","1439","three",2,1
"172","mogi",1,"7","1259","three",0,0
"173","mogi",1,"7","1249","three",8.5,2
"174","mogi",1,"7","1087","three",43,1
"175","mogi",1,"7","1085","three",0.5,1
"176","mogi",1,"7","1058","three",60,0
"177","mogi",1,"7","1011","three",1.5,1
"178","mogi",1,"7","1448","final",2.66666666666667,1
"179","mogi",1,"7","1249","final",5.833333333,0
"180","mogi",1,"7","1085","final",11.5,2
"181","mogi",1,"12","1498","one",0.4,1
"182","mogi",1,"12","1494","one",0,0
"183","mogi",1,"12","1492","one",0,0
"184","mogi",1,"12","1489","one",0,0
"185","mogi",1,"12","1483","one",8,1
"186","mogi",1,"12","1332","one",30.5,2
"187","mogi",1,"12","1331","one",0,0
"188","mogi",1,"12","1320","one",8.33333333333333,1
"189","mogi",1,"12","1315","one",5.33333333333333,1
"190","mogi",1,"12","1305","one",18.7142857142857,2
"191","mogi",1,"12","1301","one",7.33333333333333,2
"192","mogi",1,"12","1498","three",0.5,2
"193","mogi",1,"12","1494","three",4.75,1
"194","mogi",1,"12","1489","three",18.3333333333333,1
"195","mogi",1,"12","1483","three",13.3333333333333,1
"196","mogi",1,"12","1332","three",1,1
"197","mogi",1,"12","1331","three",0.111111111111111,1
"198","mogi",1,"12","1315","three",0,0
"199","mogi",1,"12","1313","three",1.5,1
"200","mogi",1,"12","1305","three",1,1
"201","mogi",1,"12","1301","three",3.6,2
"202","mogi",1,"12","1498","two",0.5,0
"203","mogi",1,"12","1494","two",4.66666666666667,1
"204","mogi",1,"12","1489","two",8,0
"205","mogi",1,"12","1483","two",12.5,0
"206","mogi",1,"12","1332","two",2,1
"207","mogi",1,"12","1331","two",0,0
"208","mogi",1,"12","1320","two",15,1
"209","mogi",1,"12","1315","two",15,0
"210","mogi",1,"12","1313","two",2,2
"211","mogi",1,"12","1305","two",4.33333333333333,1
"212","mogi",1,"12","1301","two",6.33333333333333,2
"213","mogi",1,"12","1498","final",9.91666666666667,2
"214","mogi",1,"12","1494","final",6.08333333333333,2
"215","mogi",1,"12","1489","final",4.33333333333333,1
"216","mogi",1,"12","1483","final",1.16666666666667,1
"217","mogi",1,"12","1332","final",20,2
"218","mogi",1,"12","1331","final",12.6190476190476,5
"219","mogi",1,"12","1313","final",9.8,2
"220","mogi",1,"12","1305","final",16.92,6
"221","mogi",1,"12","1301","final",20.2857142857143,3
"222","mogi",1,"3","1475","three",0.571428571428571,2
"223","mogi",1,"3","1454","three",0.4,1
"224","mogi",1,"3","1449","three",3.4,1
"225","mogi",1,"3","1434","three",3.4,2
"226","mogi",1,"3","1430","three",0,0
"227","mogi",1,"3","1427","three",28,2
"228","mogi",1,"3","1475","four",0.625,2
"229","mogi",1,"3","1454","four",1,1
"230","mogi",1,"3","1449","four",0,0
"231","mogi",1,"3","1434","four",2.16666666666667,1
"232","mogi",1,"3","1430","four",0,0
"233","mogi",1,"3","1427","four",0,0
"234","mogi",1,"3","1475","one",0.2,1
"235","mogi",1,"3","1454","one",0.666666666666667,1
"236","mogi",1,"3","1449","one",0,0
"237","mogi",1,"3","1434","one",11,3
"238","mogi",1,"3","1433","one",43.3333333333333,2
"239","mogi",1,"3","1432","one",19.6666666666667,2
"240","mogi",1,"3","1430","one",1.25,1
"241","mogi",1,"3","1427","one",5,1
"242","mogi",1,"3","1426","one",50,1
"243","mogi",1,"3","1411","one",21.3333333333333,2
"244","mogi",1,"3","1475","two",0.2,1
"245","mogi",1,"3","1454","two",0.333333333333333,1
"246","mogi",1,"3","1449","two",1,1
"247","mogi",1,"3","1434","two",4.66666666666667,2
"248","mogi",1,"3","1430","two",20,2
"249","mogi",1,"3","1427","two",41,1
"250","mogi",1,"3","1475","final",7.8,4
"251","mogi",1,"3","1449","final",3.5,2
"252","mogi",1,"3","1434","final",0,0
"253","mogi",1,"3","1430","final",8.4375,2
"254","mogi",1,"4","1471","four",0.75,2
"255","mogi",1,"4","1468","four",6.66666666666667,2
"256","mogi",1,"4","1447","four",25.25,1
"257","mogi",1,"4","1441","four",23.75,1
"258","mogi",1,"4","1438","four",10.5,2
"259","mogi",1,"4","1437","four",1.25,1
"260","mogi",1,"4","1435","four",0.5,1
"261","mogi",1,"4","1423","four",3.5,2
"262","mogi",1,"4","1422","four",6.25,1
"263","mogi",1,"4","1420","four",1.33333333333333,1
"264","mogi",1,"4","1471","three",0.333333333333333,1
"265","mogi",1,"4","1447","three",33.9090909090909,3
"266","mogi",1,"4","1441","three",19.6,1
"267","mogi",1,"4","1438","three",14,1
"268","mogi",1,"4","1437","three",1,1
"269","mogi",1,"4","1435","three",13.5,2
"270","mogi",1,"4","1423","three",2,1
"271","mogi",1,"4","1422","three",21.25,2
"272","mogi",1,"4","1420","three",2,1
"273","mogi",1,"4","1068","three",9.85714285714286,2
"274","mogi",1,"4","1471","two",0,0
"275","mogi",1,"4","1468","two",0,0
"276","mogi",1,"4","1447","two",81,1
"277","mogi",1,"4","1441","two",74,1
"278","mogi",1,"4","1438","two",26,2
"279","mogi",1,"4","1437","two",0,0
"280","mogi",1,"4","1435","two",15,2
"281","mogi",1,"4","1423","two",0,0
"282","mogi",1,"4","1422","two",37.25,2
"283","mogi",1,"4","1421","two",2,1
"284","mogi",1,"4","1420","two",1.66666666666667,1
"285","mogi",1,"4","1068","two",20.6666666666667,2
"286","mogi",1,"4","1471","final",4.81818181818182,2
"287","mogi",1,"4","1468","final",30,2
"288","mogi",1,"4","1441","final",6.7,1
"289","mogi",1,"4","1438","final",5.625,2
"290","mogi",1,"4","1437","final",2.45454545454545,2
"291","mogi",1,"4","1423","final",1,1
"292","mogi",1,"4","1422","final",3.5,2
"293","mogi",1,"4","1420","final",2.75,2
"294","mogi",1,"4","1068","final",0,0
"295","mogi",1,"4","1437","one",28,2
"296","mogi",1,"1","1467","three",5,1
"297","mogi",1,"1","1443","three",4.8,1
"298","mogi",1,"1","1467","two",61,2
"299","mogi",1,"1","1464","two",17,2
"300","mogi",1,"1","1459","two",2,1
"301","mogi",1,"1","1443","two",3,1
"302","mogi",1,"1","1442","two",50,1
"303","mogi",1,"1","1416","two",4,1
"304","mogi",1,"1","1467","four",2,1
"305","mogi",1,"1","1464","four",15.75,2
"306","mogi",1,"1","1443","four",1.5,2
"307","mogi",1,"1","1467","one",38,2
"308","mogi",1,"1","1464","one",30.2,2
"309","mogi",1,"1","1462","one",29,2
"310","mogi",1,"1","1459","one",3.5,1
"311","mogi",1,"1","1443","one",0,0
"312","mogi",1,"1","1442","one",45,2
"313","mogi",1,"1","1416","one",3,1
"314","mogi",1,"1","1415","one",29,2
"315","mogi",1,"1","1410","one",0.5,1
"316","mogi",1,"1","1467","final",37.75,2
"317","mogi",1,"1","1464","final",22.5,2
"318","mogi",1,"1","1443","final",7.66666666666667,3
"319","mogi",1,"2","1466","one",11.6666666666667,2
"320","mogi",1,"2","1414","one",0.25,1
"321","mogi",1,"2","1413","one",3.25,2
"322","mogi",1,"2","1412","one",17,2
"323","mogi",1,"2","1408","one",1.5,1
"324","mogi",1,"2","1405","one",11.7142857142857,2
"325","mogi",1,"2","1404","one",10.3333333333333,2
"326","mogi",1,"2","1403","one",0,0
"327","mogi",1,"2","1402","one",50,1
"328","mogi",1,"2","1401","one",1,1
"329","mogi",1,"2","1414","four",5,1
"330","mogi",1,"2","1413","four",3.16666666666667,2
"331","mogi",1,"2","1412","four",10.3333333333333,2
"332","mogi",1,"2","1408","four",0,0
"333","mogi",1,"2","1405","four",9,2
"334","mogi",1,"2","1404","four",10,1
"335","mogi",1,"2","1402","four",0.333333333333333,1
"336","mogi",1,"2","1401","four",6.25,1
"337","mogi",1,"2","1414","two",0,0
"338","mogi",1,"2","1413","two",3.5,1
"339","mogi",1,"2","1412","two",16.6666666666667,1
"340","mogi",1,"2","1408","two",0.333333333333333,1
"341","mogi",1,"2","1404","two",11.2,2
"342","mogi",1,"2","1402","two",50,1
"343","mogi",1,"2","1401","two",1.5,1
"344","mogi",1,"2","1414","three",12.5,1
"345","mogi",1,"2","1413","three",4,1
"346","mogi",1,"2","1412","three",8.85714285714286,2
"347","mogi",1,"2","1408","three",0.4,1
"348","mogi",1,"2","1407","three",6.8,2
"349","mogi",1,"2","1405","three",12.5,2
"350","mogi",1,"2","1402","three",23.5,2
"351","mogi",1,"2","1401","three",9,1
"352","mogi",1,"2","1414","final",10.2,2
"353","mogi",1,"2","1413","final",5,2
"354","mogi",1,"2","1412","final",1.63157894736842,1
"355","mogi",1,"2","1408","final",10.7142857142857,3
"356","mogi",1,"2","1405","final",0.6,2
"357","mogi",1,"2","1402","final",0.25,1
"358","mogi",1,"2","1401","final",2,1
"359","mogi",1,"11","1325","one",10.25,0
"360","mogi",1,"11","1324","one",29.5,1
"361","mogi",1,"11","1317","one",13,1
"362","mogi",1,"11","1316","one",2.25,1
"363","mogi",1,"11","1307","one",1.75,2
"364","mogi",1,"11","1316","three",16.3333333333333,1
"365","mogi",1,"11","1316","two",25,2
"366","mogi",1,"11","1316","final",9.83333333333333,3
"367","mogi",1,"10","1314","two",0,0
"368","mogi",1,"10","1071","two",3.33333333333333,1
"369","mogi",1,"10","1018","two",3.6,1
"370","mogi",1,"10","1010","two",8,1
"371","mogi",1,"10","1314","one",23.3333333333333,1
"372","mogi",1,"10","1090","one",22.5,1
"373","mogi",1,"10","1071","one",5.5,2
"374","mogi",1,"10","1040","one",45,2
"375","mogi",1,"10","1031","one",1,1
"376","mogi",1,"10","1018","one",0.2,1
"377","mogi",1,"10","1010","one",4,0
"378","mogi",1,"10","1090","three",94,1
"379","mogi",1,"10","1071","three",2,1
"380","mogi",1,"10","1018","three",80.25,1
"381","mogi",3,"12","2299","four",4,1
"382","mogi",3,"12","2283","four",8,1
"383","mogi",3,"12","2221","four",10.8333333333333,2
"384","mogi",3,"12","1265","four",0,0
"385","mogi",3,"12","1214","four",11,3
"386","mogi",3,"12","2299","one",28,2
"387","mogi",3,"12","2283","one",40.6666666666667,1
"388","mogi",3,"12","2221","one",22.5,2
"389","mogi",3,"12","1286","one",0,0
"390","mogi",3,"12","1265","one",26.5,3
"391","mogi",3,"12","1236","one",21,0
"392","mogi",3,"12","1214","one",44,2
"393","mogi",3,"12","2299","two",4.5,1
"394","mogi",3,"12","2283","two",59,1
"395","mogi",3,"12","2221","two",25,1
"396","mogi",3,"12","1214","two",43.5,1
"397","mogi",3,"12","2299","three",6,1
"398","mogi",3,"12","2221","three",16.6666666666667,1
"399","mogi",3,"12","1265","three",32.5,1
"400","mogi",3,"12","1214","three",20,1
"401","mogi",3,"12","2299","final",8,3
"402","mogi",3,"12","2283","final",16.6,2
"403","mogi",3,"12","2221","final",29.8181818181818,3
"404","mogi",3,"12","1265","final",20,3
"405","mogi",3,"5","2295","final",9.625,2
"406","mogi",3,"5","2290","final",2.14285714285714,1
"407","mogi",3,"5","2255","final",5,2
"408","mogi",3,"5","2242","final",0.7,2
"409","mogi",3,"5","2240","final",8.8,4
"410","mogi",3,"5","1298","final",0.2,1
"411","mogi",3,"5","1297","final",3.5,1
"412","mogi",3,"5","1283","final",5.75,3
"413","mogi",3,"5","2290","one",0,0
"414","mogi",3,"5","2255","one",48.3333333333333,2
"415","mogi",3,"5","2242","one",82.5,3
"416","mogi",3,"5","2240","one",32.5,2
"417","mogi",3,"5","1298","one",24,2
"418","mogi",3,"5","1297","one",0,0
"419","mogi",3,"5","1288","one",0,0
"420","mogi",3,"5","1283","one",26.5,3
"421","mogi",3,"5","1238","one",47.8,2
"422","mogi",3,"5","2290","two",0,0
"423","mogi",3,"5","2242","two",85,1
"424","mogi",3,"5","2240","two",29.5,2
"425","mogi",3,"5","1298","two",0,0
"426","mogi",3,"5","1297","two",0.75,1
"427","mogi",3,"5","1288","two",0,0
"428","mogi",3,"5","1283","two",0.5,1
"429","mogi",3,"5","1238","two",30.1666666666667,2
"430","mogi",3,"5","2255","three",33.3333333333333,2
"431","mogi",3,"5","2240","three",0.5,1
"432","mogi",3,"5","1297","three",0,0
"433","mogi",3,"5","1288","three",9,1
"434","mogi",3,"5","1283","three",20,1
"435","mogi",3,"5","1238","three",25.2,2
"436","mogi",3,"11","2294","one",2,1
"437","mogi",3,"11","2239","one",38,1
"438","mogi",3,"11","2214","one",9.5,2
"439","mogi",3,"11","1399","one",0,0
"440","mogi",3,"11","1272","one",1.5,1
"441","mogi",3,"11","1262","one",5.33333333333333,1
"442","mogi",3,"11","1228","one",1.8,2
"443","mogi",3,"11","1072","one",0.666666666666667,1
"444","mogi",3,"11","1012","one",0,0
"445","mogi",3,"11","1001","one",0,0
"446","mogi",3,"11","2239","four",4,1
"447","mogi",3,"11","2214","four",9.75,2
"448","mogi",3,"11","1399","four",0.5,0
"449","mogi",3,"11","1228","four",2.63636363636364,2
"450","mogi",3,"11","1072","four",1,1
"451","mogi",3,"11","1001","four",0.75,1
"452","mogi",3,"11","2239","three",6,0
"453","mogi",3,"11","2214","three",14,2
"454","mogi",3,"11","1399","three",1,0
"455","mogi",3,"11","1228","three",3.28571428571429,2
"456","mogi",3,"11","1072","three",3.5,1
"457","mogi",3,"11","1001","three",1.33333333333333,0
"458","mogi",3,"11","2214","two",17,1
"459","mogi",3,"11","1399","two",0.5,1
"460","mogi",3,"11","1262","two",4.5,1
"461","mogi",3,"11","1228","two",1.4,2
"462","mogi",3,"11","1072","two",1,1
"463","mogi",3,"11","1001","two",3.33333333333333,0
"464","mogi",3,"11","2214","final",4.8,1
"465","mogi",3,"11","1399","final",0.666666666666667,1
"466","mogi",3,"11","1072","final",0.333333333333333,1
"467","mogi",3,"11","1001","final",5,1
"468","mogi",3,"2","2292","one",8,2
"469","mogi",3,"2","2276","one",14,2
"470","mogi",3,"2","2265","one",1.75,2
"471","mogi",3,"2","2243","one",2,2
"472","mogi",3,"2","2224","one",2,1
"473","mogi",3,"2","2203","one",17.6666666666667,2
"474","mogi",3,"2","1295","one",13.125,3
"475","mogi",3,"2","1240","one",27.8,3
"476","mogi",3,"2","1234","one",3.5,1
"477","mogi",3,"2","1208","one",18,2
"478","mogi",3,"2","2243","three",4.25,1
"479","mogi",3,"2","2203","three",0,0
"480","mogi",3,"2","1295","three",5.33333333333333,2
"481","mogi",3,"2","1208","three",4.66666666666667,1
"482","mogi",3,"2","2243","two",1.5,1
"483","mogi",3,"2","2203","two",17.6666666666667,2
"484","mogi",3,"2","1295","two",8.375,1
"485","mogi",3,"2","1208","two",8,1
"486","mogi",3,"2","2243","final",0,0
"487","mogi",3,"2","2203","final",1,2
"488","mogi",3,"2","1295","final",13.4166666666667,4
"489","mogi",3,"2","1208","final",3.71428571428571,2
"490","mogi",3,"10","2288","four",30,1
"491","mogi",3,"10","2249","four",6,1
"492","mogi",3,"10","2219","four",5.25,1
"493","mogi",3,"10","2288","one",7.33333333333333,2
"494","mogi",3,"10","2267","one",0,0
"495","mogi",3,"10","2259","one",2,1
"496","mogi",3,"10","2219","one",9.33333333333333,1
"497","mogi",3,"10","2288","three",77.5,1
"498","mogi",3,"10","2249","three",15.5,1
"499","mogi",3,"10","2219","three",5.66666666666667,1
"500","mogi",3,"10","2288","two",17.6666666666667,1
"501","mogi",3,"10","2249","two",8,1
"502","mogi",3,"10","2219","two",0,0
"503","mogi",3,"10","2249","final",11,2
"504","mogi",3,"10","2219","final",7.75,2
"505","mogi",3,"9","2287","final",12.4,4
"506","mogi",3,"9","1258","final",1,1
"507","mogi",3,"9","1257","final",0.5,2
"508","mogi",3,"9","1207","final",12,3
"509","mogi",3,"9","1202","final",16.1666666666667,3
"510","mogi",3,"9","1201","final",28,5
"511","mogi",3,"9","2252","one",5,1
"512","mogi",3,"9","2226","one",3.33333333333333,1
"513","mogi",3,"9","1258","one",27.5,1
"514","mogi",3,"9","1257","one",30.5,2
"515","mogi",3,"9","1247","one",1.71428571428571,2
"516","mogi",3,"9","1207","one",40,1
"517","mogi",3,"9","1202","one",3.5,2
"518","mogi",3,"9","1201","one",6.75,2
"519","mogi",3,"9","2238","three",16,2
"520","mogi",3,"9","2226","three",0.571428571428571,1
"521","mogi",3,"9","1258","three",0,0
"522","mogi",3,"9","1257","three",9.42857142857143,1
"523","mogi",3,"9","1247","three",16.3333333333333,1
"524","mogi",3,"9","1207","three",20.8333333333333,1
"525","mogi",3,"9","1202","three",2.14285714285714,2
"526","mogi",3,"9","1201","three",37.1111111111111,2
"527","mogi",3,"9","2226","four",0.2,1
"528","mogi",3,"9","1258","four",0,0
"529","mogi",3,"9","1247","four",0,0
"530","mogi",3,"9","1202","four",1.33333333333333,2
"531","mogi",3,"9","1201","four",26.5454545454545,1
"532","mogi",3,"9","2226","two",0,0
"533","mogi",3,"9","1257","two",58,1
"534","mogi",3,"9","1247","two",1.5,1
"535","mogi",3,"9","1207","two",36,1
"536","mogi",3,"9","1202","two",2.5,1
"537","mogi",3,"9","1201","two",4.66666666666667,2
"538","mogi",3,"8","2237","one",2,2
"539","mogi",3,"8","1400","one",0.333333333333333,1
"540","mogi",3,"8","1398","one",22.8,2
"541","mogi",3,"8","1395","one",0,0
"542","mogi",3,"8","1094","one",26,2
"543","mogi",3,"8","1081","one",0.666666666666667,1
"544","mogi",3,"8","1049","one",10,1
"545","mogi",3,"8","1004","one",0.5,1
"546","mogi",3,"8","1400","three",0.666666666666667,1
"547","mogi",3,"8","1049","three",21,1
"548","mogi",3,"8","1039","three",1.5,1
"549","mogi",3,"8","1400","two",3.2,0
"550","mogi",3,"8","1095","two",3,1
"551","mogi",3,"8","1049","two",9.5,2
"552","mogi",3,"8","1039","two",3,0
"553","mogi",3,"8","1004","two",0,0
"554","mogi",3,"8","1400","final",10.25,4
"555","mogi",3,"8","1395","final",23.6111111111111,5
"556","mogi",3,"8","1049","final",23.125,4
"557","mogi",3,"8","1039","final",8,3
"558","mogi",3,"1","2228","one",22,1
"559","mogi",3,"1","1276","one",31.5,2
"560","mogi",3,"1","1245","one",25,1
"561","mogi",3,"1","1235","one",7,1
"562","mogi",3,"1","1232","one",16,2
"563","mogi",3,"1","1211","one",3,1
"564","mogi",3,"1","1210","one",60,1
"565","mogi",3,"1","1206","one",60,2
"566","mogi",3,"1","1242","three",47.3333333333333,2
"567","mogi",3,"1","1211","three",6,2
"568","mogi",3,"1","1210","three",10,1
"569","mogi",3,"1","1206","three",0,0
"570","mogi",3,"1","1235","two",54,1
"571","mogi",3,"1","1211","two",2,1
"572","mogi",3,"1","1210","two",70,1
"573","mogi",3,"1","1206","two",80,0
"574","mogi",3,"3","2204","one",4.75,2
"575","mogi",3,"3","1270","one",30,2
"576","mogi",3,"3","1267","one",30,2
"577","mogi",3,"3","1256","one",60,2
"578","mogi",3,"3","1255","one",39.4,2
"579","mogi",3,"3","1253","one",6,1
"580","mogi",3,"3","1231","one",23.6666666666667,2
"581","mogi",3,"3","1226","one",0,0
"582","mogi",3,"3","1222","one",0,0
"583","mogi",3,"3","1217","one",65,1
"584","mogi",3,"3","1270","three",23.6666666666667,2
"585","mogi",3,"3","1256","three",56,1
"586","mogi",3,"3","1255","three",2.66666666666667,1
"587","mogi",3,"3","1253","three",23,2
"588","mogi",3,"3","1226","three",0,0
"589","mogi",3,"3","1217","three",32,1
"590","mogi",3,"3","1270","two",31.5,2
"591","mogi",3,"3","1256","two",60,1
"592","mogi",3,"3","1255","two",33,2
"593","mogi",3,"3","1253","two",12,1
"594","mogi",3,"3","1231","two",6,1
"595","mogi",3,"3","1226","two",0,0
"596","mogi",3,"3","1217","two",80,1
"597","mogi",3,"3","1255","final",2.33333333333333,2
"598","mogi",3,"3","1253","final",0,0
"599","mogi",3,"3","1226","final",1.9375,3
"600","mogi",3,"3","1217","final",1.4,2
"601","mogi",3,"4","1282","three",17.5,1
"602","mogi",3,"4","1277","three",14,2
"603","mogi",3,"4","1273","three",3.5,2
"604","mogi",3,"4","1271","three",2,0
"605","mogi",3,"4","1261","three",10,1
"606","mogi",3,"4","1233","three",1.66666666666667,0
"607","mogi",3,"4","1067","three",15.2,1
"608","mogi",3,"4","1282","one",18,1
"609","mogi",3,"4","1277","one",35.2,1
"610","mogi",3,"4","1273","one",0,0
"611","mogi",3,"4","1271","one",7.33333333333333,1
"612","mogi",3,"4","1261","one",3,1
"613","mogi",3,"4","1237","one",2,1
"614","mogi",3,"4","1233","one",0,0
"615","mogi",3,"4","1227","one",6.66666666666667,1
"616","mogi",3,"4","1092","one",7.25,1
"617","mogi",3,"4","1067","one",2,1
"618","mogi",3,"4","1282","two",7.33333333333333,0
"619","mogi",3,"4","1277","two",32,2
"620","mogi",3,"4","1273","two",1,1
"621","mogi",3,"4","1271","two",1,1
"622","mogi",3,"4","1261","two",6,0
"623","mogi",3,"4","1237","two",14,1
"624","mogi",3,"4","1233","two",0.75,1
"625","mogi",3,"4","1067","two",9,0
"626","mogi",3,"4","1277","final",19.3684210526316,4
"627","mogi",3,"4","1273","final",0.6,1
"628","mogi",3,"4","1271","final",4,2
"629","mogi",3,"4","1261","final",1.66666666666667,1
"630","mogi",3,"4","1233","final",1.125,1
"631","mogi",3,"4","1067","final",3.375,2
"632","mogi",3,"7","1280","one",5,1
"633","mogi",3,"7","1274","one",12.8,2
"634","mogi",3,"7","1264","one",75,1
"635","mogi",3,"7","1254","one",1.5,1
"636","mogi",3,"7","1203","one",63.6666666666667,3
"637","mogi",3,"7","1274","three",4.75,2
"638","mogi",3,"7","1254","three",0,0
"639","mogi",3,"7","1203","three",8,2
"640","mogi",3,"7","1274","two",14,2
"641","mogi",3,"7","1254","two",11,2
"642","mogi",3,"7","1239","two",0,0
"643","mogi",3,"7","1203","two",81.5,2
"644","mogi",3,"7","1274","final",18.3333333333333,2
"645","mogi",3,"6","1279","two",0,0
"646","mogi",3,"6","1263","two",3,1
"647","mogi",3,"6","1252","two",7,2
"648","mogi",3,"6","1243","two",28.5,1
"649","mogi",3,"6","1230","two",12,1
"650","mogi",3,"6","1209","two",7.25,1
"651","mogi",3,"6","1205","two",2.33333333333333,1
"652","mogi",3,"6","1279","three",1,1
"653","mogi",3,"6","1263","three",2.66666666666667,1
"654","mogi",3,"6","1252","three",0.5,0
"655","mogi",3,"6","1230","three",7.5,1
"656","mogi",3,"6","1209","three",5,1
"657","mogi",3,"6","1205","three",6.2,2
"658","mogi",3,"6","1279","one",28.3333333333333,1
"659","mogi",3,"6","1263","one",2,1
"660","mogi",3,"6","1252","one",6.33333333333333,1
"661","mogi",3,"6","1243","one",22.6666666666667,2
"662","mogi",3,"6","1230","one",8,1
"663","mogi",3,"6","1209","one",1.4,2
"664","mogi",3,"6","1205","one",6.75,2
"665","mogi",3,"6","1279","final",4.61538461538461,2
"666","mogi",3,"6","1263","final",1.66666666666667,3
"667","mogi",3,"6","1252","final",2.2,2
"668","mogi",3,"6","1209","final",5.08333333333333,4
"669","mogi",3,"6","1205","final",9.3,3
"670","mogi",2,"4","2270","one",25,1
"671","mogi",2,"4","1486","one",4,2
"672","mogi",2,"4","1348","one",6,1
"673","mogi",2,"4","1342","one",8,1
"674","mogi",2,"4","2270","two",1,1
"675","mogi",2,"4","1365","two",25,1
"676","mogi",2,"4","1342","two",15,1
"677","mogi",2,"4","2270","three",2,1
"678","mogi",2,"4","1365","three",27.5,2
"679","mogi",2,"4","1342","three",6,1
"680","mogi",2,"8","2257","two",5,1
"681","mogi",2,"8","1382","two",3.42857142857143,2
"682","mogi",2,"8","1091","two",16.6666666666667,2
"683","mogi",2,"8","1086","two",13.6,2
"684","mogi",2,"8","1020","two",6.5,0
"685","mogi",2,"8","1019","two",1,1
"686","mogi",2,"8","1009","two",2,1
"687","mogi",2,"8","1006","two",3.83333333333333,1
"688","mogi",2,"8","1003","two",0.714285714285714,1
"689","mogi",2,"8","2257","one",6.5,1
"690","mogi",2,"8","1382","one",7.125,2
"691","mogi",2,"8","1091","one",20,1
"692","mogi",2,"8","1086","one",3.6,2
"693","mogi",2,"8","1076","one",2,1
"694","mogi",2,"8","1020","one",4,2
"695","mogi",2,"8","1019","one",1,1
"696","mogi",2,"8","1009","one",29,1
"697","mogi",2,"8","1006","one",2.66666666666667,1
"698","mogi",2,"8","1003","one",0.714285714285714,1
"699","mogi",2,"8","2257","final",6.77777777777778,2
"700","mogi",2,"8","1382","final",3.83333333333333,3
"701","mogi",2,"8","1091","final",2,2
"702","mogi",2,"8","1086","final",1.71428571428571,2
"703","mogi",2,"8","1020","final",2,2
"704","mogi",2,"8","1019","final",0,0
"705","mogi",2,"8","1006","final",18.6086956521739,5
"706","mogi",2,"8","1003","final",6.75609756097561,4
"707","mogi",2,"8","1382","three",4.36363636363636,2
"708","mogi",2,"8","1091","three",11.6666666666667,1
"709","mogi",2,"8","1086","three",6.125,2
"710","mogi",2,"8","1025","three",13.5,1
"711","mogi",2,"8","1020","three",7,2
"712","mogi",2,"8","1009","three",6,2
"713","mogi",2,"8","1006","three",4.77777777777778,2
"714","mogi",2,"8","1003","three",6.18181818181818,2
"715","mogi",2,"5","1497","one",25,2
"716","mogi",2,"5","1495","one",17.6666666666667,2
"717","mogi",2,"5","1481","one",15,1
"718","mogi",2,"5","1368","one",1,1
"719","mogi",2,"5","1364","one",50.5,2
"720","mogi",2,"5","1359","one",61.5,2
"721","mogi",2,"5","1326","one",9,1
"722","mogi",2,"5","1497","three",12.5,1
"723","mogi",2,"5","1481","three",21,1
"724","mogi",2,"5","1368","three",0.5,1
"725","mogi",2,"5","1364","three",47.5,1
"726","mogi",2,"5","1497","two",35,1
"727","mogi",2,"5","1495","two",21.6666666666667,2
"728","mogi",2,"5","1368","two",0,0
"729","mogi",2,"5","1364","two",52,2
"730","mogi",2,"5","1497","final",4.66666666666667,3
"731","mogi",2,"5","1495","final",1,2
"732","mogi",2,"5","1368","final",1.44444444444444,1
"733","mogi",2,"5","1364","final",6.25,1
"734","mogi",2,"6","1493","three",0.666666666666667,1
"735","mogi",2,"6","1397","three",17.6666666666667,3
"736","mogi",2,"6","1378","three",2.5,1
"737","mogi",2,"6","1358","three",17,1
"738","mogi",2,"6","1341","three",0,0
"739","mogi",2,"6","1309","three",0,0
"740","mogi",2,"6","1097","three",5.25,2
"741","mogi",2,"6","1013","three",6.5,2
"742","mogi",2,"6","1493","two",0,0
"743","mogi",2,"6","1397","two",20,1
"744","mogi",2,"6","1378","two",4,1
"745","mogi",2,"6","1358","two",27,1
"746","mogi",2,"6","1309","two",0,0
"747","mogi",2,"6","1097","two",12.1428571428571,1
"748","mogi",2,"6","1013","two",21.6666666666667,1
"749","mogi",2,"6","1493","one",26.5,2
"750","mogi",2,"6","1397","one",11.2222222222222,2
"751","mogi",2,"6","1378","one",2.5,1
"752","mogi",2,"6","1361","one",55,1
"753","mogi",2,"6","1358","one",25,1
"754","mogi",2,"6","1341","one",0,0
"755","mogi",2,"6","1309","one",0,0
"756","mogi",2,"6","1056","one",1.5,1
"757","mogi",2,"6","1013","one",26,2
"758","mogi",2,"6","1493","final",0.75,1
"759","mogi",2,"6","1378","final",3,3
"760","mogi",2,"6","1358","final",1,1
"761","mogi",2,"6","1341","final",24,3
"762","mogi",2,"6","1309","final",9.28571428571429,2
"763","mogi",2,"6","1013","final",2.07692307692308,3
"764","mogi",2,"3","1491","three",0,0
"765","mogi",2,"3","1490","three",1.16666666666667,2
"766","mogi",2,"3","1487","three",0.5,1
"767","mogi",2,"3","1376","three",2.125,2
"768","mogi",2,"3","1373","three",14.5,1
"769","mogi",2,"3","1363","three",2,1
"770","mogi",2,"3","1350","three",2,1
"771","mogi",2,"3","1333","three",0.75,1
"772","mogi",2,"3","1329","three",1.66666666666667,2
"773","mogi",2,"3","1322","three",1.2,1
"774","mogi",2,"3","1491","one",1.66666666666667,1
"775","mogi",2,"3","1490","one",0,0
"776","mogi",2,"3","1487","one",0,0
"777","mogi",2,"3","1376","one",0,0
"778","mogi",2,"3","1373","one",9,2
"779","mogi",2,"3","1363","one",9.5,2
"780","mogi",2,"3","1353","one",0,0
"781","mogi",2,"3","1350","one",0,0
"782","mogi",2,"3","1333","one",0.833333333333333,1
"783","mogi",2,"3","1329","one",4,0
"784","mogi",2,"3","1322","one",0,0
"785","mogi",2,"3","1491","two",6.25,0
"786","mogi",2,"3","1490","two",0,0
"787","mogi",2,"3","1487","two",1.33333333333333,0
"788","mogi",2,"3","1376","two",0.75,1
"789","mogi",2,"3","1373","two",0.5,1
"790","mogi",2,"3","1363","two",11.25,1
"791","mogi",2,"3","1350","two",1,1
"792","mogi",2,"3","1333","two",0.25,1
"793","mogi",2,"3","1329","two",2.8,0
"794","mogi",2,"3","1322","two",0,0
"795","mogi",2,"3","1311","two",0,0
"796","mogi",2,"3","1491","final",9.14285714285714,2
"797","mogi",2,"3","1490","final",4.94736842105263,2
"798","mogi",2,"3","1487","final",1.38461538461538,3
"799","mogi",2,"3","1376","final",8.57894736842105,4
"800","mogi",2,"3","1373","final",10.75,5
"801","mogi",2,"3","1363","final",1.46153846153846,2
"802","mogi",2,"3","1333","final",6.8,3
"803","mogi",2,"3","1329","final",3.6,2
"804","mogi",2,"3","1322","final",2.57142857142857,3
"805","mogi",2,"3","1490","four",0.25,1
"806","mogi",2,"7","1488","three",30.25,2
"807","mogi",2,"7","1377","three",9.54545454545454,1
"808","mogi",2,"7","1370","three",44.8333333333333,1
"809","mogi",2,"7","1355","three",6,2
"810","mogi",2,"7","1343","three",20,1
"811","mogi",2,"7","1337","three",14.3333333333333,1
"812","mogi",2,"7","1336","three",4,1
"813","mogi",2,"7","1488","one",34,1
"814","mogi",2,"7","1391","one",46.75,2
"815","mogi",2,"7","1377","one",5.16666666666667,2
"816","mogi",2,"7","1371","one",2,1
"817","mogi",2,"7","1370","one",57,2
"818","mogi",2,"7","1356","one",3.33333333333333,1
"819","mogi",2,"7","1355","one",2.69230769230769,2
"820","mogi",2,"7","1343","one",31.25,2
"821","mogi",2,"7","1337","one",0.75,2
"822","mogi",2,"7","1488","two",32.5,1
"823","mogi",2,"7","1391","two",0,0
"824","mogi",2,"7","1377","two",10,1
"825","mogi",2,"7","1370","two",60,1
"826","mogi",2,"7","1356","two",4,1
"827","mogi",2,"7","1355","two",3.92857142857143,2
"828","mogi",2,"7","1343","two",33.75,1
"829","mogi",2,"7","1337","two",5.75,1
"830","mogi",2,"7","1336","two",13,1
"831","mogi",2,"7","1377","final",11.9795918367347,4
"832","mogi",2,"7","1370","final",8.18181818181818,3
"833","mogi",2,"7","1356","final",11.8048780487805,3
"834","mogi",2,"7","1355","final",22.2083333333333,3
"835","mogi",2,"7","1337","final",3.33333333333333,2
"836","mogi",2,"2","1485","three",3.71428571428571,2
"837","mogi",2,"2","1387","three",2.5,2
"838","mogi",2,"2","1384","three",2,1
"839","mogi",2,"2","1383","three",1,1
"840","mogi",2,"2","1340","three",0,0
"841","mogi",2,"2","1335","three",1,1
"842","mogi",2,"2","1062","three",3.8,2
"843","mogi",2,"2","1485","final",20.5217391304348,4
"844","mogi",2,"2","1387","final",2.6,2
"845","mogi",2,"2","1383","final",3.22222222222222,2
"846","mogi",2,"2","1357","final",2.5,2
"847","mogi",2,"2","1340","final",0.555555555555556,2
"848","mogi",2,"2","1080","final",5.5,2
"849","mogi",2,"2","1075","final",1.2,2
"850","mogi",2,"2","1062","final",0,0
"851","mogi",2,"2","1387","two",2.25,1
"852","mogi",2,"2","1384","two",2,1
"853","mogi",2,"2","1357","two",0.5,1
"854","mogi",2,"2","1340","two",20.3333333333333,2
"855","mogi",2,"2","1335","two",3.5,1
"856","mogi",2,"2","1082","two",1.6,2
"857","mogi",2,"2","1080","two",0,0
"858","mogi",2,"2","1075","two",16,1
"859","mogi",2,"2","1062","two",27,2
"860","mogi",2,"2","1387","one",0,0
"861","mogi",2,"2","1384","one",6,2
"862","mogi",2,"2","1383","one",0,0
"863","mogi",2,"2","1357","one",12,2
"864","mogi",2,"2","1340","one",20,1
"865","mogi",2,"2","1335","one",13.3333333333333,1
"866","mogi",2,"2","1082","one",1,2
"867","mogi",2,"2","1080","one",3,1
"868","mogi",2,"2","1075","one",6,1
"869","mogi",2,"2","1062","one",25,2
"870","mogi",2,"2","1052","one",8,0
"871","mogi",2,"9","1396","one",0,0
"872","mogi",2,"9","1394","one",60,2
"873","mogi",2,"9","1388","one",25.375,2
"874","mogi",2,"9","1386","one",48.3333333333333,2
"875","mogi",2,"9","1093","one",12.75,2
"876","mogi",2,"9","1055","one",1.33333333333333,1
"877","mogi",2,"9","1050","one",0,0
"878","mogi",2,"9","1396","three",0,0
"879","mogi",2,"9","1388","three",0.5,1
"880","mogi",2,"9","1386","three",21.6666666666667,1
"881","mogi",2,"9","1098","three",9.28571428571429,1
"882","mogi",2,"9","1093","three",30.25,2
"883","mogi",2,"9","1055","three",6.25,1
"884","mogi",2,"9","1396","two",0,0
"885","mogi",2,"9","1394","two",70,1
"886","mogi",2,"9","1393","two",16.6666666666667,1
"887","mogi",2,"9","1388","two",0.5,1
"888","mogi",2,"9","1386","two",45,2
"889","mogi",2,"9","1098","two",22.2,2
"890","mogi",2,"9","1093","two",13,2
"891","mogi",2,"9","1055","two",10,1
"892","mogi",2,"9","1388","final",2.23076923076923,2
"893","mogi",2,"9","1386","final",3,1
"894","mogi",2,"9","1093","final",1,1
"895","mogi",2,"9","1055","final",1.66666666666667,1
"896","mogi",2,"1","1379","one",10,1
"897","mogi",2,"1","1360","one",70,1
"898","mogi",2,"1","1354","one",23,2
"899","mogi",2,"1","1347","one",20,1
"900","mogi",2,"1","1328","one",35,1
"901","mogi",2,"1","1372","three",1.5,1
"902","mogi",2,"1","1354","three",4,1
"903","mogi",2,"1","1347","three",10.6666666666667,2
"904","mogi",2,"1","1328","three",5.5,2
"905","mogi",2,"1","1372","final",29.2,2
"906","mogi",2,"1","1347","final",0,0
"907","mogi",2,"1","1354","two",52,2
"908","mogi",2,"1","1347","two",0,0
"909","mogi",2,"1","1328","two",14,1
"910","mogi",2,"11","1229","one",0,0
"911","mogi",2,"11","1223","one",7,0
"912","mogi",2,"11","1212","one",0,0
"913","mogi",2,"11","1074","one",5,0
"914","mogi",2,"11","1061","one",0,0
"915","mogi",2,"11","1043","one",0,0
"916","mogi",2,"11","1035","one",3,1
"917","mogi",2,"11","1033","one",43.3333333333333,2
"918","mogi",2,"11","1033","three",0,0
"919","mogi",2,"11","1033","two",40,1
"920","mogi",2,"12","1099","three",6.66666666666667,2
"921","mogi",2,"12","1088","three",8.66666666666667,2
"922","mogi",2,"12","1084","three",1,1
"923","mogi",2,"12","1070","three",9,2
"924","mogi",2,"12","1065","three",2,1
"925","mogi",2,"12","1054","three",0.333333333333333,1
"926","mogi",2,"12","1051","three",10.2857142857143,1
"927","mogi",2,"12","1041","three",0,0
"928","mogi",2,"12","1002","three",8.33333333333333,1
"929","mogi",2,"12","1099","two",6.33333333333333,1
"930","mogi",2,"12","1088","two",8.33333333333333,1
"931","mogi",2,"12","1084","two",0,0
"932","mogi",2,"12","1070","two",38,2
"933","mogi",2,"12","1065","two",0,0
"934","mogi",2,"12","1054","two",0,0
"935","mogi",2,"12","1051","two",12.5,1
"936","mogi",2,"12","1041","two",4.66666666666667,1
"937","mogi",2,"12","1026","two",0,0
"938","mogi",2,"12","1002","two",18.5,1
"939","mogi",2,"12","1099","one",3,1
"940","mogi",2,"12","1088","one",32.3333333333333,2
"941","mogi",2,"12","1070","one",38.3333333333333,2
"942","mogi",2,"12","1065","one",32,2
"943","mogi",2,"12","1054","one",12,2
"944","mogi",2,"12","1051","one",12.5,1
"945","mogi",2,"12","1041","one",7,2
"946","mogi",2,"12","1002","one",23.3333333333333,0
"947","mogi",2,"12","1070","final",32.3333333333333,4
"948","mogi",2,"12","1054","final",3,2
"949","mogi",2,"12","1051","final",1.83333333333333,2
"950","mogi",2,"12","1017","final",2.93333333333333,3
"951","mogi",2,"10","1078","two",8,1
"952","mogi",2,"10","1047","two",13,2
"953","mogi",2,"10","1046","two",6,1
"954","mogi",2,"10","1045","two",13.6666666666667,1
"955","mogi",2,"10","1038","two",39.75,2
"956","mogi",2,"10","1037","two",14,1
"957","mogi",2,"10","1030","two",0,0
"958","mogi",2,"10","1029","two",36.5,2
"959","mogi",2,"10","1028","two",6,1
"960","mogi",2,"10","1027","two",0,0
"961","mogi",2,"10","1078","three",2,1
"962","mogi",2,"10","1047","three",15,2
"963","mogi",2,"10","1046","three",6.6,1
"964","mogi",2,"10","1045","three",30.6,1
"965","mogi",2,"10","1038","three",25.25,1
"966","mogi",2,"10","1037","three",10.5,2
"967","mogi",2,"10","1030","three",5.33333333333333,1
"968","mogi",2,"10","1029","three",55,1
"969","mogi",2,"10","1028","three",8,1
"970","mogi",2,"10","1027","three",3,1
"971","mogi",2,"10","1078","final",14.8666666666667,4
"972","mogi",2,"10","1047","final",56.4285714285714,3
"973","mogi",2,"10","1046","final",2.75,2
"974","mogi",2,"10","1045","final",45.125,3
"975","mogi",2,"10","1038","final",4.8125,2
"976","mogi",2,"10","1037","final",24.1428571428571,3
"977","mogi",2,"10","1030","final",5.8,2
"978","mogi",2,"10","1028","final",12,3
"979","mogi",2,"10","1027","final",26.125,3
"980","mogi",2,"10","1053","one",29.5,2
"981","mogi",2,"10","1047","one",13.5,2
"982","mogi",2,"10","1046","one",8,2
"983","mogi",2,"10","1045","one",5.33333333333333,2
"984","mogi",2,"10","1038","one",37.75,2
"985","mogi",2,"10","1037","one",5,2
"986","mogi",2,"10","1030","one",0,0
"987","mogi",2,"10","1029","one",36.5,2
"988","mogi",2,"10","1028","one",7.33333333333333,2
"989","mogi",2,"10","1027","one",0,0
"990","Brazil",1,"A1","427","not final",25,3
"991","Brazil",1,"A1","428","not final",16.6666666666667,5
"992","Brazil",1,"A1","429","not final",16.3333333333333,5
"993","Brazil",1,"A1","430","not final",20.7,3
"994","Brazil",1,"A1","431","not final",11.3333333333333,2
"995","Brazil",1,"A1","432","not final",0,0
"996","Brazil",1,"A1","429","final",22.5,4
"997","Brazil",1,"A1","430","final",29,3
"998","Brazil",1,"A1","431","final",14.4,2
"999","Brazil",1,"B1","415","not final",14.3333333333333,1
"1000","Brazil",1,"B1","417","not final",24,4
"1001","Brazil",1,"B1","420","not final",27,2
"1002","Brazil",1,"B1","413","not final",2,2
"1003","Brazil",1,"B1","419","not final",58.3333333333333,3
"1004","Brazil",1,"B1","415","final",14.3333333333333,1
"1005","Brazil",1,"B1","417","final",30.8571428571429,3
"1006","Brazil",1,"B1","418","final",60,2
"1007","Brazil",1,"B1","419","final",72.5,2
"1008","Brazil",1,"B1","420","final",18.4,2
"1009","Brazil",1,"C1","439","not final",5,2
"1010","Brazil",1,"C1","440","not final",13.4,3
"1011","Brazil",1,"C1","441","not final",10.2857142857143,3
"1012","Brazil",1,"C1","442","not final",10,1
"1013","Brazil",1,"C1","441","final",18,1
"1014","Brazil",1,"D1","405","not final",18,1
"1015","Brazil",1,"D1","453","not final",14.7142857142857,3
"1016","Brazil",1,"D1","455","not final",18,2
"1017","Brazil",1,"D1","404","not final",50,1
"1018","Brazil",1,"D1","408","not final",13,2
"1019","Brazil",1,"D1","454","not final",9.75,2
"1020","Brazil",1,"D1","406","not final",13.5,2
"1021","Brazil",1,"D1","404","final",23.5,3
"1022","Brazil",1,"D1","405","final",22.6666666666667,2
"1023","Brazil",1,"D1","453","final",35,3
"1024","Brazil",1,"D1","454","final",10.75,2
"1025","Brazil",1,"E1","411","not final",3,1
"1026","Brazil",1,"E1","412","not final",29.3636363636364,4
"1027","Brazil",1,"E1","451","not final",50,1
"1028","Brazil",1,"E1","409","not final",7,1
"1029","Brazil",1,"E1","445","not final",23,2
"1030","Brazil",1,"E1","409","final",14,2
"1031","Brazil",1,"E1","411","final",10.5,3
"1032","Brazil",1,"E1","412","final",39.5,2
"1033","Brazil",1,"E1","445","final",16.6666666666667,2
"1034","Brazil",1,"G1","421","not final",8,1
"1035","Brazil",1,"G1","422","not final",14.4,3
"1036","Brazil",1,"G1","423","not final",16.25,2
"1037","Brazil",1,"G1","424","not final",8.14285714285714,3
"1038","Brazil",1,"G1","425","not final",28.6666666666667,3
"1039","Brazil",1,"G1","422","final",20,1
"1040","Brazil",1,"G1","426","final",40,1
"1041","Brazil",1,"H1","433","not final",30,3
"1042","Brazil",1,"H1","434","not final",15.2,2
"1043","Brazil",1,"H1","435","not final",6,2
"1044","Brazil",1,"H1","436","not final",3.66666666666667,1
"1045","Brazil",1,"H1","437","not final",3.4,2
"1046","Brazil",1,"H1","452","not final",20.2857142857143,2
"1047","Brazil",1,"H1","433","final",65,3
"1048","Brazil",1,"H1","434","final",3,2
"1049","Brazil",1,"H1","436","final",7.66666666666667,1
"1050","Brazil",1,"H1","437","final",12.8,2
"1051","Brazil",1,"H1","452","final",26.6,2
"1052","Brazil",1,"F1","397","not final",42.5,1
"1053","Brazil",1,"F1","398","not final",9,1
"1054","Brazil",1,"F1","401","not final",25,1
"1055","Brazil",1,"F1","402","not final",45.8333333333333,3
"1056","Brazil",1,"F1","397","final",42.5,1
"1057","Brazil",1,"F1","398","final",40,1
"1058","Brazil",1,"F1","402","final",47.25,3
"1059","Brazil",2,"A2","382","not final",17.9,2
"1060","Brazil",2,"A2","384","not final",42.5,2
"1061","Brazil",2,"A2","449","not final",27.6923076923077,4
"1062","Brazil",2,"A2","495","not final",3,1
"1063","Brazil",2,"A2","494","not final",2,2
"1064","Brazil",2,"A2","382","final",8.5,2
"1065","Brazil",2,"A2","384","final",42.5,2
"1066","Brazil",2,"A2","449","final",14.3333333333333,3
"1067","Brazil",2,"B2","355","not final",50,1
"1068","Brazil",2,"B2","357","not final",29,2
"1069","Brazil",2,"B2","357","final",29,2
"1070","Brazil",2,"C2","370","not final",12,2
"1071","Brazil",2,"C2","372","not final",5,3
"1072","Brazil",2,"C2","446","not final",8,3
"1073","Brazil",2,"C2","369","not final",2,1
"1074","Brazil",2,"C2","367","final",5,1
"1075","Brazil",2,"C2","372","final",23.75,3
"1076","Brazil",2,"C2","446","final",20.8571428571429,4
"1077","Brazil",2,"F2","363","not final",14.5,3
"1078","Brazil",2,"F2","365","not final",50,2
"1079","Brazil",2,"F2","498","not final",60,2
"1080","Brazil",2,"F2","362","final",60,1
"1081","Brazil",2,"F2","365","final",18,1
"1082","Brazil",2,"G2","373","not final",10.2,2
"1083","Brazil",2,"G2","376","not final",11.0555555555556,4
"1084","Brazil",2,"G2","378","not final",3.33333333333333,2
"1085","Brazil",2,"G2","447","not final",18,5
"1086","Brazil",2,"G2","448","not final",55,4
"1087","Brazil",2,"G2","373","final",30,2
"1088","Brazil",2,"G2","376","final",28,1
"1089","Brazil",2,"H2","349","not final",13.25,2
"1090","Brazil",2,"H2","350","not final",24.8,5
"1091","Brazil",2,"H2","351","not final",2,1
"1092","Brazil",2,"H2","352","not final",27.7647058823529,4
"1093","Brazil",2,"H2","353","not final",50,2
"1094","Brazil",2,"H2","354","not final",4,1
"1095","Brazil",2,"H2","352","final",12,2
"1096","Brazil",2,"D2","385","not final",15.25,3
"1097","Brazil",2,"D2","386","not final",4.5,2
"1098","Brazil",2,"D2","387","not final",13.7142857142857,3
"1099","Brazil",2,"D2","388","not final",25.3333333333333,2
"1100","Brazil",2,"D2","389","not final",12,2
"1101","Brazil",2,"D2","450","not final",15.6666666666667,3
"1102","Brazil",2,"D2","385","final",12,3
"1103","Brazil",2,"D2","386","final",8.66666666666667,2
"1104","Brazil",2,"D2","387","final",8.4,3
"1105","Brazil",2,"D2","388","final",23.25,3
"1106","Brazil",2,"D2","389","final",8.75,2
"1107","Brazil",2,"D2","450","final",16.5,2
"1108","Brazil",2,"E2","393","not final",14,1
"1109","Brazil",2,"E2","394","not final",26,2
"1110","Brazil",2,"E2","396","not final",16.6666666666667,2
"1111","Brazil",2,"E2","393","final",8,1
"1112","Brazil",2,"E2","396","final",24,2
"1113","Brazil",3,"C3","338","not final",17,4
"1114","Brazil",3,"C3","342","not final",7.5,2
"1115","Brazil",3,"C3","496","not final",3,1
"1116","Brazil",3,"C3","497","not final",6,2
"1117","Brazil",3,"C3","337","not final",9,1
"1118","Brazil",3,"C3","341","not final",50,2
"1119","Brazil",3,"E3","346","not final",34,2
"1120","Brazil",3,"E3","348","not final",15.8666666666667,3
"1121","Brazil",3,"E3","345","not final",5,1
"1122","Brazil",3,"E3","347","not final",11,1
"1123","Brazil",3,"F3","304","not final",4.5,2
"1124","Brazil",3,"F3","301","not final",3.33333333333333,3
"1125","Brazil",3,"F3","302","not final",8,1
"1126","Brazil",3,"F3","305","not final",36,2
"1127","Brazil",3,"F3","308","not final",21,3
"1128","Brazil",3,"F3","301","final",9.5,2
"1129","Brazil",3,"F3","302","final",12,2
"1130","Brazil",3,"F3","303","final",22,2
"1131","Brazil",3,"F3","304","final",12.6666666666667,3
"1132","Brazil",3,"F3","305","final",24.5,2
"1133","Brazil",3,"F3","308","final",21,2
"1134","Brazil",3,"G3","331","not final",1,1
"1135","Brazil",3,"G3","336","not final",4.8,4
"1136","Brazil",3,"G3","332","not final",3,1
"1137","Brazil",3,"G3","335","not final",7.5,2
"1138","Brazil",3,"A3","309","not final",22.6,3
"1139","Brazil",3,"A3","310","not final",1,1
"1140","Brazil",3,"A3","312","not final",21,2
"1141","Brazil",3,"A3","500","not final",12,2
"1142","Brazil",3,"A3","309","final",34.1666666666667,5
"1143","Brazil",3,"A3","500","final",26.3333333333333,3
"1144","Brazil",3,"B3","320","not final",2,1
"1145","Brazil",3,"D3","313","not final",9.5,3
"1146","Brazil",3,"D3","314","not final",36.3333333333333,3
"1147","Brazil",3,"D3","315","not final",7.4,3
"1148","Brazil",3,"D3","316","not final",21.25,2
"1149","Brazil",3,"D3","317","not final",55,1
"1150","Brazil",3,"D3","318","not final",9,1
"1151","Brazil",3,"H3","325","not final",12,2
"1152","Brazil",3,"H3","326","not final",19.75,2
"1153","Brazil",3,"H3","327","not final",8.66666666666667,3
"1154","Brazil",3,"H3","329","not final",9.5,3
"1155","Brazil",3,"H3","325","final",13.6666666666667,3
