site,block,plot,plant_code,date,species,herb,surv_next,div,clone,flood,rich
Brazil,1,A1,427,1,L,25,1,3,0,0,3
Brazil,1,A1,427,2,L,25,0,3,0,0,3
Brazil,1,A1,428,1,M,18,1,3,0,0,2
Brazil,1,A1,428,2,M,16,0,3,0,0,4
Brazil,1,A1,429,1,M,16.3333333333333,1,3,0,0,5
Brazil,1,A1,429,2,M,16.3333333333333,1,3,0,0,5
Brazil,1,A1,430,1,V,19.2,1,3,0,0,3
Brazil,1,A1,430,2,V,22.2,1,3,0,0,3
Brazil,1,A1,431,1,V,12.5,1,3,0,0,2
Brazil,1,A1,431,2,V,10.4,1,3,0,0,2
Brazil,1,A1,432,1,L,0,0,3,0,0,0
Brazil,1,B1,413,1,M,0,1,1,0,0,0
Brazil,1,B1,413,2,M,2,0,1,0,0,2
Brazil,1,B1,415,1,M,14.3333333333333,1,1,0,0,1
Brazil,1,B1,415,2,M,14.3333333333333,1,1,0,0,1
Brazil,1,B1,417,1,M,24,1,1,0,0,4
Brazil,1,B1,417,2,M,24,1,1,0,0,4
Brazil,1,B1,418,1,M,0,1,1,0,0,0
Brazil,1,B1,418,2,M,0,1,1,0,0,0
Brazil,1,B1,419,1,M,0,1,1,0,0,0
Brazil,1,B1,419,2,M,58.3333333333333,1,1,0,0,3
Brazil,1,B1,420,1,M,27,1,1,0,0,2
Brazil,1,B1,420,2,M,27,1,1,0,0,2
Brazil,1,C1,439,1,L,5,1,1,0,0,2
Brazil,1,C1,439,2,L,5,0,1,0,0,2
Brazil,1,C1,440,1,L,13,1,1,0,0,3
Brazil,1,C1,440,2,L,14,0,1,0,0,2
Brazil,1,C1,441,1,L,9.2,1,1,0,0,3
Brazil,1,C1,441,2,L,13,1,1,0,0,1
Brazil,1,C1,442,1,L,0,1,1,0,0,0
Brazil,1,C1,442,2,L,10,0,1,0,0,1
Brazil,1,D1,404,1,V,0,1,1,0,0,0
Brazil,1,D1,404,2,V,50,1,1,0,0,1
Brazil,1,D1,405,1,V,18,1,1,0,0,1
Brazil,1,D1,405,2,V,18,1,1,0,0,1
Brazil,1,D1,406,1,V,0,1,1,0,0,0
Brazil,1,D1,406,2,V,13.5,0,1,0,0,2
Brazil,1,D1,408,1,V,0,1,1,0,0,0
Brazil,1,D1,408,2,V,13,0,1,0,0,2
Brazil,1,D1,453,1,V,11.3333333333333,1,1,0,0,2
Brazil,1,D1,453,2,V,17.25,1,1,0,0,3
Brazil,1,D1,454,1,V,0,1,1,0,0,0
Brazil,1,D1,454,2,V,9.75,1,1,0,0,2
Brazil,1,D1,455,1,V,18,1,1,0,0,2
Brazil,1,D1,455,2,V,18,0,1,0,0,2
Brazil,1,E1,409,1,L,0,1,3,1,0,0
Brazil,1,E1,409,2,L,7,1,3,1,0,1
Brazil,1,E1,411,1,L,3,1,3,1,0,1
Brazil,1,E1,411,2,L,3,1,3,1,0,1
Brazil,1,E1,412,1,V,27.4,1,3,1,0,2
Brazil,1,E1,412,2,V,31,1,3,1,0,4
Brazil,1,E1,445,1,V,0,1,3,1,0,0
Brazil,1,E1,445,2,V,23,1,3,1,0,2
Brazil,1,E1,451,1,M,50,1,3,1,0,1
Brazil,1,E1,451,2,M,50,0,3,1,0,1
Brazil,1,F1,397,1,M,0,1,1,1,0,0
Brazil,1,F1,397,2,M,42.5,1,1,1,0,1
Brazil,1,F1,398,1,M,0,1,1,1,0,0
Brazil,1,F1,398,2,M,9,1,1,1,0,1
Brazil,1,F1,401,1,M,0,1,1,1,0,0
Brazil,1,F1,401,2,M,25,0,1,1,0,1
Brazil,1,F1,402,1,M,0,1,1,1,0,0
Brazil,1,F1,402,2,M,45.8333333333333,1,1,1,0,3
Brazil,1,G1,421,1,L,8,0,1,1,0,1
Brazil,1,G1,422,1,L,17,1,1,1,0,3
Brazil,1,G1,422,2,L,4,1,1,1,0,1
Brazil,1,G1,423,1,L,20,1,1,1,0,2
Brazil,1,G1,423,2,L,12.5,0,1,1,0,1
Brazil,1,G1,424,1,L,9,1,1,1,0,3
Brazil,1,G1,424,2,L,6,0,1,1,0,3
Brazil,1,G1,425,1,L,28,1,1,1,0,3
Brazil,1,G1,425,2,L,30,0,1,1,0,3
Brazil,1,G1,426,1,L,0,1,1,1,0,0
Brazil,1,G1,426,2,L,0,1,1,1,0,0
Brazil,1,H1,433,1,V,32.5,1,1,1,0,3
Brazil,1,H1,433,2,V,25,1,1,1,0,3
Brazil,1,H1,434,1,V,14,1,1,1,0,2
Brazil,1,H1,434,2,V,16,1,1,1,0,2
Brazil,1,H1,435,1,V,2,1,1,1,0,1
Brazil,1,H1,435,2,V,10,0,1,1,0,2
Brazil,1,H1,436,1,V,4,1,1,1,0,1
Brazil,1,H1,436,2,V,3.5,1,1,1,0,1
Brazil,1,H1,437,1,V,3.5,1,1,1,0,2
Brazil,1,H1,437,2,V,3.33333333333333,1,1,1,0,2
Brazil,1,H1,452,1,V,18,1,1,1,0,2
Brazil,1,H1,452,2,V,23.3333333333333,1,1,1,0,2
Brazil,2,A2,382,1,V,28,1,3,0,0,2
Brazil,2,A2,382,2,V,13.5714285714286,1,3,0,0,2
Brazil,2,A2,384,1,M,42.5,1,3,0,0,2
Brazil,2,A2,384,2,M,42.5,1,3,0,0,2
Brazil,2,A2,449,1,V,33.2,1,3,0,0,3
Brazil,2,A2,449,2,V,24.25,1,3,0,0,4
Brazil,2,A2,494,1,L,0,1,3,0,0,0
Brazil,2,A2,494,2,L,2,0,3,0,0,2
Brazil,2,A2,495,1,L,3,0,3,0,0,1
Brazil,2,B2,355,1,M,50,0,1,0,0,1
Brazil,2,B2,357,1,M,0,1,1,0,0,0
Brazil,2,B2,357,2,M,29,1,1,0,0,2
Brazil,2,C2,367,1,L,0,1,1,0,0,0
Brazil,2,C2,367,2,L,0,1,1,0,0,0
Brazil,2,C2,369,1,L,0,1,1,0,0,0
Brazil,2,C2,369,2,L,2,0,1,0,0,1
Brazil,2,C2,370,1,L,12,1,1,0,0,2
Brazil,2,C2,370,2,L,12,0,1,0,0,2
Brazil,2,C2,372,1,L,4.33333333333333,1,1,0,0,2
Brazil,2,C2,372,2,L,5.66666666666667,1,1,0,0,3
Brazil,2,C2,446,1,L,7,1,1,0,0,3
Brazil,2,C2,446,2,L,10,1,1,0,0,1
Brazil,2,D2,385,1,V,0,1,1,0,0,0
Brazil,2,D2,385,2,V,15.25,1,1,0,0,3
Brazil,2,D2,386,1,V,0,1,1,0,0,0
Brazil,2,D2,386,2,V,4.5,1,1,0,0,2
Brazil,2,D2,387,1,V,0,1,1,0,0,0
Brazil,2,D2,387,2,V,13.7142857142857,1,1,0,0,3
Brazil,2,D2,388,1,V,0,1,1,0,0,0
Brazil,2,D2,388,2,V,25.3333333333333,1,1,0,0,2
Brazil,2,D2,389,1,V,0,1,1,0,0,0
Brazil,2,D2,389,2,V,12,1,1,0,0,2
Brazil,2,D2,450,1,V,0,1,1,0,0,0
Brazil,2,D2,450,2,V,15.6666666666667,1,1,0,0,3
Brazil,2,E2,393,1,V,0,1,3,1,0,0
Brazil,2,E2,393,2,V,14,1,3,1,0,1
Brazil,2,E2,394,1,V,0,1,3,1,0,0
Brazil,2,E2,394,2,V,26,0,3,1,0,2
Brazil,2,E2,396,1,M,0,1,3,1,0,0
Brazil,2,E2,396,2,M,16.6666666666667,1,3,1,0,2
Brazil,2,F2,362,1,M,0,1,1,1,0,0
Brazil,2,F2,362,2,M,0,1,1,1,0,0
Brazil,2,F2,363,1,M,14.5,0,1,1,0,3
Brazil,2,F2,365,1,M,50,1,1,1,0,2
Brazil,2,F2,365,2,M,0,1,1,1,0,0
Brazil,2,F2,498,1,M,60,0,1,1,0,2
Brazil,2,G2,373,1,L,11,1,1,1,0,2
Brazil,2,G2,373,2,L,9.66666666666667,1,1,1,0,2
Brazil,2,G2,376,1,L,9.72727272727273,1,1,1,0,4
Brazil,2,G2,376,2,L,13.1428571428571,1,1,1,0,4
Brazil,2,G2,378,1,L,3.33333333333333,0,1,1,0,2
Brazil,2,G2,447,1,L,18,1,1,1,0,5
Brazil,2,G2,447,2,L,18,0,1,1,0,5
Brazil,2,G2,448,1,L,55,0,1,1,0,4
Brazil,2,H2,349,1,V,12,1,1,1,0,2
Brazil,2,H2,349,2,V,14.5,0,1,1,0,2
Brazil,2,H2,350,1,V,23.5,1,1,1,0,5
Brazil,2,H2,350,2,V,26.75,0,1,1,0,4
Brazil,2,H2,351,1,V,2,0,1,1,0,1
Brazil,2,H2,352,1,V,29.875,1,1,1,0,4
Brazil,2,H2,352,2,V,25.8888888888889,1,1,1,0,3
Brazil,2,H2,353,1,V,30,1,1,1,0,1
Brazil,2,H2,353,2,V,70,0,1,1,0,1
Brazil,2,H2,354,1,V,0,1,1,1,0,0
Brazil,2,H2,354,2,V,4,0,1,1,0,1
Brazil,3,A3,309,1,V,0,1,3,0,0,0
Brazil,3,A3,309,2,V,22.6,1,3,0,0,3
Brazil,3,A3,310,1,L,0,1,3,0,0,0
Brazil,3,A3,310,2,L,1,0,3,0,0,1
Brazil,3,A3,312,1,M,0,1,3,0,0,0
Brazil,3,A3,312,2,M,21,0,3,0,0,2
Brazil,3,A3,500,1,M,0,1,3,0,0,0
Brazil,3,A3,500,2,M,12,1,3,0,0,2
Brazil,3,B3,320,1,M,0,1,1,0,0,0
Brazil,3,B3,320,2,M,2,0,1,0,0,1
Brazil,3,C3,337,1,L,0,1,1,0,0,0
Brazil,3,C3,337,2,L,9,0,1,0,0,1
Brazil,3,C3,338,1,L,17,1,1,0,0,4
Brazil,3,C3,338,2,L,17,0,1,0,0,4
Brazil,3,C3,341,1,L,0,1,1,0,0,0
Brazil,3,C3,341,2,L,50,0,1,0,0,2
Brazil,3,C3,342,1,L,4,1,1,0,0,1
Brazil,3,C3,342,2,L,8.66666666666667,0,1,0,0,2
Brazil,3,C3,496,1,L,3,1,1,0,0,1
Brazil,3,C3,496,2,L,3,0,1,0,0,1
Brazil,3,C3,497,1,L,6,1,1,0,0,1
Brazil,3,C3,497,2,L,6,0,1,0,0,2
Brazil,3,D3,313,1,V,0,1,1,0,0,0
Brazil,3,D3,313,2,V,9.5,0,1,0,0,3
Brazil,3,D3,314,1,V,0,1,1,0,0,0
Brazil,3,D3,314,2,V,36.3333333333333,0,1,0,0,3
Brazil,3,D3,315,1,V,0,1,1,0,0,0
Brazil,3,D3,315,2,V,7.4,0,1,0,0,3
Brazil,3,D3,316,1,V,0,1,1,0,0,0
Brazil,3,D3,316,2,V,21.25,0,1,0,0,2
Brazil,3,D3,317,1,V,0,1,1,0,0,0
Brazil,3,D3,317,2,V,55,0,1,0,0,1
Brazil,3,D3,318,1,V,0,1,1,0,0,0
Brazil,3,D3,318,2,V,9,0,1,0,0,1
Brazil,3,E3,345,1,M,0,1,3,1,0,0
Brazil,3,E3,345,2,M,5,0,3,1,0,1
Brazil,3,E3,346,1,L,34,0,3,1,0,2
Brazil,3,E3,347,1,M,0,1,3,1,0,0
Brazil,3,E3,347,2,M,11,0,3,1,0,1
Brazil,3,E3,348,1,V,12.3333333333333,1,3,1,0,2
Brazil,3,E3,348,2,V,18.2222222222222,0,3,1,0,3
Brazil,3,F3,301,1,M,0,1,1,1,0,0
Brazil,3,F3,301,2,M,3.33333333333333,1,1,1,0,3
Brazil,3,F3,302,1,M,0,1,1,1,0,0
Brazil,3,F3,302,2,M,8,1,1,1,0,1
Brazil,3,F3,303,1,M,0,1,1,1,0,0
Brazil,3,F3,303,2,M,0,1,1,1,0,0
Brazil,3,F3,304,1,M,4.5,1,1,1,0,2
Brazil,3,F3,304,2,M,4.5,1,1,1,0,2
Brazil,3,F3,305,1,M,0,1,1,1,0,0
Brazil,3,F3,305,2,M,36,1,1,1,0,2
Brazil,3,F3,308,1,M,0,1,1,1,0,0
Brazil,3,F3,308,2,M,21,1,1,1,0,3
Brazil,3,G3,331,1,L,1,0,1,1,0,1
Brazil,3,G3,332,1,L,0,1,1,1,0,0
Brazil,3,G3,332,2,L,3,0,1,1,0,1
Brazil,3,G3,335,1,L,0,1,1,1,0,0
Brazil,3,G3,335,2,L,7.5,0,1,1,0,2
Brazil,3,G3,336,1,L,4,1,1,1,0,3
Brazil,3,G3,336,2,L,5.33333333333333,0,1,1,0,3
Brazil,3,H3,325,1,V,0,1,1,1,0,0
Brazil,3,H3,325,2,V,12,1,1,1,0,2
Brazil,3,H3,326,1,V,0,1,1,1,0,0
Brazil,3,H3,326,2,V,19.75,0,1,1,0,2
Brazil,3,H3,327,1,V,0,1,1,1,0,0
Brazil,3,H3,327,2,V,8.66666666666667,0,1,1,0,3
Brazil,3,H3,329,1,V,0,1,1,1,0,0
Brazil,3,H3,329,2,V,9.5,0,1,1,0,3
Costa Rica,1,Plot 1,1,2,urostachyum,33.6666666666667,1,12,1,1,2
Costa Rica,1,Plot 1,1,3,urostachyum,40.4,1,12,1,1,2
Costa Rica,1,Plot 1,10,2,nudifolium,33.3333333333333,1,12,1,1,1
Costa Rica,1,Plot 1,11,2,imperiale,45,1,12,1,1,3
Costa Rica,1,Plot 1,12,2,sancti-felicis,20,0,12,1,1,2
Costa Rica,1,Plot 1,2,2,arboreum,13.75,0,12,1,1,2
Costa Rica,1,Plot 1,3,2,biolleyi,26.6666666666667,1,12,1,1,2
Costa Rica,1,Plot 1,4,2,peltatum,12,1,12,1,1,2
Costa Rica,1,Plot 1,5,2,multiplinervium,45,1,12,1,1,2
Costa Rica,1,Plot 1,6,2,pseudobumbratum,24.3333333333333,1,12,1,1,3
Costa Rica,1,Plot 1,7,2,garagaranum,20,0,12,1,1,2
Costa Rica,1,Plot 1,8,2,reticulatum,42.5,1,12,1,1,2
Costa Rica,1,Plot 1,9,2,decurrens,0.333333333333333,0,12,1,1,1
Costa Rica,1,Plot 10,1,1,reticulatum,10.1818181818182,1,2,0,1,2
Costa Rica,1,Plot 10,1,2,reticulatum,29.5,0,2,0,1,1
Costa Rica,1,Plot 10,10,2,peltatum,0,0,2,0,1,0
Costa Rica,1,Plot 10,11,2,peltatum,3.33333333333333,0,2,0,1,1
Costa Rica,1,Plot 10,2,1,reticulatum,35.5384615384615,1,2,0,1,3
Costa Rica,1,Plot 10,2,2,reticulatum,45,0,2,0,1,1
Costa Rica,1,Plot 10,3,2,reticulatum,40,1,2,0,1,1
Costa Rica,1,Plot 10,3,3,reticulatum,30,0,2,0,1,1
Costa Rica,1,Plot 10,4,2,reticulatum,16.6666666666667,1,2,0,1,2
Costa Rica,1,Plot 10,4,3,reticulatum,40,0,2,0,1,1
Costa Rica,1,Plot 10,5,2,reticulatum,18,0,2,0,1,1
Costa Rica,1,Plot 10,6,2,reticulatum,30,0,2,0,1,1
Costa Rica,1,Plot 10,7,2,peltatum,0,0,2,0,1,0
Costa Rica,1,Plot 10,9,2,peltatum,2,0,2,0,1,1
Costa Rica,1,Plot 11,1,1,nudifolium,24.5,1,2,0,0,2
Costa Rica,1,Plot 11,1,2,nudifolium,21,1,2,0,0,2
Costa Rica,1,Plot 11,10,1,imperiale,19,1,2,0,0,2
Costa Rica,1,Plot 11,10,2,imperiale,38.3333333333333,0,2,0,0,2
Costa Rica,1,Plot 11,11,1,imperiale,11.9473684210526,1,2,0,0,3
Costa Rica,1,Plot 11,11,2,imperiale,27.4,1,2,0,0,2
Costa Rica,1,Plot 11,11,3,imperiale,72.3333333333333,0,2,0,0,1
Costa Rica,1,Plot 11,12,2,imperiale,45.25,0,2,0,0,2
Costa Rica,1,Plot 11,2,1,nudifolium,35,1,2,0,0,2
Costa Rica,1,Plot 11,2,2,nudifolium,50,0,2,0,0,1
Costa Rica,1,Plot 11,3,1,nudifolium,31,1,2,0,0,2
Costa Rica,1,Plot 11,3,2,nudifolium,40.5,1,2,0,0,2
Costa Rica,1,Plot 11,4,1,nudifolium,19.5,1,2,0,0,2
Costa Rica,1,Plot 11,4,2,nudifolium,27.3333333333333,1,2,0,0,2
Costa Rica,1,Plot 11,5,1,nudifolium,20,1,2,0,0,1
Costa Rica,1,Plot 11,5,2,nudifolium,41.6666666666667,1,2,0,0,1
Costa Rica,1,Plot 11,6,1,nudifolium,3.66666666666667,1,2,0,0,1
Costa Rica,1,Plot 11,6,2,nudifolium,55,0,2,0,0,1
Costa Rica,1,Plot 11,7,1,imperiale,39.5,1,2,0,0,2
Costa Rica,1,Plot 11,7,2,imperiale,45.25,1,2,0,0,2
Costa Rica,1,Plot 11,8,1,imperiale,49.8,1,2,0,0,2
Costa Rica,1,Plot 11,8,2,imperiale,40.25,1,2,0,0,2
Costa Rica,1,Plot 11,9,1,imperiale,21.8,1,2,0,0,2
Costa Rica,1,Plot 11,9,2,imperiale,42.6666666666667,1,2,0,0,2
Costa Rica,1,Plot 12,1,1,urostachyum,6.38461538461539,1,2,1,1,2
Costa Rica,1,Plot 12,1,2,urostachyum,43.3333333333333,1,2,1,1,3
Costa Rica,1,Plot 12,10,2,decurrens,0,0,2,1,1,0
Costa Rica,1,Plot 12,11,2,decurrens,0,1,2,1,1,0
Costa Rica,1,Plot 12,12,2,decurrens,0,1,2,1,1,0
Costa Rica,1,Plot 12,2,1,urostachyum,29.1818181818182,1,2,1,1,2
Costa Rica,1,Plot 12,2,2,urostachyum,23.4,1,2,1,1,2
Costa Rica,1,Plot 12,3,1,urostachyum,11,1,2,1,1,2
Costa Rica,1,Plot 12,3,2,urostachyum,26.5,1,2,1,1,2
Costa Rica,1,Plot 12,4,1,urostachyum,20.625,1,2,1,1,2
Costa Rica,1,Plot 12,4,2,urostachyum,32.5,1,2,1,1,3
Costa Rica,1,Plot 12,5,1,urostachyum,13.625,1,2,1,1,2
Costa Rica,1,Plot 12,5,2,urostachyum,37,1,2,1,1,3
Costa Rica,1,Plot 12,6,1,urostachyum,16.2857142857143,1,2,1,1,2
Costa Rica,1,Plot 12,6,2,urostachyum,45.3333333333333,1,2,1,1,2
Costa Rica,1,Plot 12,7,1,decurrens,15.1,1,2,1,1,3
Costa Rica,1,Plot 12,7,2,decurrens,0,1,2,1,1,0
Costa Rica,1,Plot 12,8,1,decurrens,9.2,1,2,1,1,2
Costa Rica,1,Plot 12,8,2,decurrens,2.6,1,2,1,1,1
Costa Rica,1,Plot 12,9,2,decurrens,0.333333333333333,1,2,1,1,1
Costa Rica,1,Plot 13,1,1,pseudobumbratum,20.3333333333333,1,2,1,1,2
Costa Rica,1,Plot 13,1,2,pseudobumbratum,21.5,1,2,1,1,2
Costa Rica,1,Plot 13,10,1,garagaranum,0,1,2,1,1,0
Costa Rica,1,Plot 13,10,2,garagaranum,0,0,2,1,1,0
Costa Rica,1,Plot 13,11,1,garagaranum,21.3333333333333,1,2,1,1,1
Costa Rica,1,Plot 13,11,2,garagaranum,2.57142857142857,1,2,1,1,1
Costa Rica,1,Plot 13,12,1,garagaranum,15,1,2,1,1,2
Costa Rica,1,Plot 13,12,2,garagaranum,85,0,2,1,1,1
Costa Rica,1,Plot 13,2,1,pseudobumbratum,16.5555555555556,1,2,1,1,2
Costa Rica,1,Plot 13,2,2,pseudobumbratum,32.5,0,2,1,1,2
Costa Rica,1,Plot 13,3,1,pseudobumbratum,25.3333333333333,1,2,1,1,2
Costa Rica,1,Plot 13,3,2,pseudobumbratum,15.75,1,2,1,1,1
Costa Rica,1,Plot 13,4,1,pseudobumbratum,21,1,2,1,1,2
Costa Rica,1,Plot 13,4,2,pseudobumbratum,19,1,2,1,1,1
Costa Rica,1,Plot 13,5,1,pseudobumbratum,11.6666666666667,1,2,1,1,3
Costa Rica,1,Plot 13,5,2,pseudobumbratum,9,0,2,1,1,1
Costa Rica,1,Plot 13,6,1,pseudobumbratum,29,1,2,1,1,3
Costa Rica,1,Plot 13,6,2,pseudobumbratum,18,0,2,1,1,2
Costa Rica,1,Plot 13,7,1,garagaranum,14,1,2,1,1,2
Costa Rica,1,Plot 13,7,2,garagaranum,28.75,1,2,1,1,2
Costa Rica,1,Plot 13,8,1,garagaranum,10.5,1,2,1,1,2
Costa Rica,1,Plot 13,8,2,garagaranum,0.285714285714286,1,2,1,1,1
Costa Rica,1,Plot 13,9,2,garagaranum,45,0,2,1,1,2
Costa Rica,1,Plot 14,1,2,reticulatum,70,0,2,1,1,2
Costa Rica,1,Plot 14,10,2,peltatum,9.33333333333333,0,2,1,1,1
Costa Rica,1,Plot 14,3,2,reticulatum,50,1,2,1,1,1
Costa Rica,1,Plot 14,4,2,reticulatum,71.6666666666667,1,2,1,1,2
Costa Rica,1,Plot 14,5,2,reticulatum,52.6666666666667,1,2,1,1,3
Costa Rica,1,Plot 14,7,2,peltatum,7.33333333333333,1,2,1,1,2
Costa Rica,1,Plot 14,8,2,peltatum,10,0,2,1,1,1
Costa Rica,1,Plot 15,1,2,nudifolium,30,0,2,0,0,1
Costa Rica,1,Plot 15,10,2,imperiale,10.5,1,2,0,0,2
Costa Rica,1,Plot 15,11,2,imperiale,41.6666666666667,1,2,0,0,1
Costa Rica,1,Plot 15,12,2,imperiale,31,1,2,0,0,2
Costa Rica,1,Plot 15,2,2,nudifolium,34.3333333333333,0,2,0,0,2
Costa Rica,1,Plot 15,3,2,nudifolium,0,0,2,0,0,0
Costa Rica,1,Plot 15,4,2,nudifolium,33.6666666666667,1,2,0,0,2
Costa Rica,1,Plot 15,5,2,nudifolium,56,0,2,0,0,1
Costa Rica,1,Plot 15,6,2,nudifolium,30.3333333333333,1,2,0,0,1
Costa Rica,1,Plot 15,7,2,imperiale,90,1,2,0,0,1
Costa Rica,1,Plot 15,8,2,imperiale,43,0,2,0,0,2
Costa Rica,1,Plot 15,9,2,imperiale,16.6666666666667,1,2,0,0,2
Costa Rica,1,Plot 16,1,1,urostachyum,1,1,2,0,0,2
Costa Rica,1,Plot 16,1,2,urostachyum,31.3333333333333,0,2,0,0,1
Costa Rica,1,Plot 16,10,2,decurrens,31,0,2,0,0,2
Costa Rica,1,Plot 16,11,2,decurrens,0,0,2,0,0,0
Costa Rica,1,Plot 16,12,2,decurrens,0,0,2,0,0,0
Costa Rica,1,Plot 16,2,1,urostachyum,13,1,2,0,0,2
Costa Rica,1,Plot 16,2,2,urostachyum,42.5,0,2,0,0,1
Costa Rica,1,Plot 16,3,1,urostachyum,9,1,2,0,0,1
Costa Rica,1,Plot 16,3,2,urostachyum,29,1,2,0,0,1
Costa Rica,1,Plot 16,4,1,urostachyum,26.5833333333333,1,2,0,0,2
Costa Rica,1,Plot 16,4,2,urostachyum,40.6666666666667,0,2,0,0,1
Costa Rica,1,Plot 16,5,1,urostachyum,11.7777777777778,1,2,0,0,2
Costa Rica,1,Plot 16,5,2,urostachyum,30.25,1,2,0,0,2
Costa Rica,1,Plot 16,6,2,urostachyum,23.6,1,2,0,0,2
Costa Rica,1,Plot 16,7,2,decurrens,8.28571428571429,0,2,0,0,2
Costa Rica,1,Plot 16,8,2,decurrens,0.666666666666667,0,2,0,0,1
Costa Rica,1,Plot 16,9,2,decurrens,10.2222222222222,1,2,0,0,2
Costa Rica,1,Plot 17,1,1,pseudobumbratum,33.2,1,2,0,0,3
Costa Rica,1,Plot 17,1,2,pseudobumbratum,2,0,2,0,0,1
Costa Rica,1,Plot 17,10,2,garagaranum,3,1,2,0,0,2
Costa Rica,1,Plot 17,11,2,garagaranum,0,1,2,0,0,0
Costa Rica,1,Plot 17,11,3,garagaranum,6.66666666666667,1,2,0,0,1
Costa Rica,1,Plot 17,12,2,garagaranum,4,1,2,0,0,2
Costa Rica,1,Plot 17,2,1,pseudobumbratum,3.75,1,2,0,0,1
Costa Rica,1,Plot 17,2,2,pseudobumbratum,14,1,2,0,0,3
Costa Rica,1,Plot 17,3,1,pseudobumbratum,3.6,1,2,0,0,2
Costa Rica,1,Plot 17,3,2,pseudobumbratum,11.25,0,2,0,0,2
Costa Rica,1,Plot 17,4,1,pseudobumbratum,0,1,2,0,0,0
Costa Rica,1,Plot 17,4,2,pseudobumbratum,0.75,1,2,0,0,1
Costa Rica,1,Plot 17,6,2,pseudobumbratum,3,0,2,0,0,2
Costa Rica,1,Plot 17,7,2,garagaranum,8.66666666666667,0,2,0,0,2
Costa Rica,1,Plot 17,8,2,garagaranum,23.6666666666667,1,2,0,0,2
Costa Rica,1,Plot 17,9,2,garagaranum,35,1,2,0,0,2
Costa Rica,1,Plot 18,10,2,reticulatum,1.75,0,2,0,0,2
Costa Rica,1,Plot 18,11,2,reticulatum,0.5,0,2,0,0,1
Costa Rica,1,Plot 18,12,2,reticulatum,8.8,0,2,0,0,3
Costa Rica,1,Plot 18,7,2,reticulatum,0,0,2,0,0,0
Costa Rica,1,Plot 18,8,2,reticulatum,4,0,2,0,0,3
Costa Rica,1,Plot 18,9,2,reticulatum,10.75,0,2,0,0,2
Costa Rica,1,Plot 19,1,1,imperiale,11,1,2,1,0,2
Costa Rica,1,Plot 19,1,2,imperiale,45,0,2,1,0,2
Costa Rica,1,Plot 19,10,2,nudifolium,32.5,0,2,1,0,1
Costa Rica,1,Plot 19,11,2,nudifolium,37.5,0,2,1,0,1
Costa Rica,1,Plot 19,12,2,nudifolium,50,0,2,1,0,2
Costa Rica,1,Plot 19,2,1,imperiale,7.22222222222222,1,2,1,0,2
Costa Rica,1,Plot 19,2,2,imperiale,33.2857142857143,1,2,1,0,3
Costa Rica,1,Plot 19,4,2,imperiale,38,1,2,1,0,2
Costa Rica,1,Plot 19,5,2,imperiale,38.1428571428571,1,2,1,0,2
Costa Rica,1,Plot 19,7,2,nudifolium,39.3333333333333,1,2,1,0,1
Costa Rica,1,Plot 19,8,2,nudifolium,27.5,1,2,1,0,1
Costa Rica,1,Plot 19,9,2,nudifolium,37.25,1,2,1,0,2
Costa Rica,1,Plot 2,1,2,arboreum,33.75,1,12,1,1,2
Costa Rica,1,Plot 2,1,3,arboreum,36.25,1,12,1,1,2
Costa Rica,1,Plot 2,10,2,imperiale,33,1,12,1,1,3
Costa Rica,1,Plot 2,11,2,sancti-felicis,11.5,1,12,1,1,1
Costa Rica,1,Plot 2,12,2,urostachyum,47.5,1,12,1,1,2
Costa Rica,1,Plot 2,2,2,biolleyi,15.75,1,12,1,1,2
Costa Rica,1,Plot 2,3,2,peltatum,9,1,12,1,1,2
Costa Rica,1,Plot 2,4,2,multiplinervium,6.66666666666667,1,12,1,1,3
Costa Rica,1,Plot 2,5,2,pseudobumbratum,30,1,12,1,1,2
Costa Rica,1,Plot 2,6,2,garagaranum,5,1,12,1,1,1
Costa Rica,1,Plot 2,7,2,reticulatum,50,1,12,1,1,1
Costa Rica,1,Plot 2,8,2,decurrens,23,1,12,1,1,2
Costa Rica,1,Plot 2,9,2,nudifolium,19.3333333333333,1,12,1,1,2
Costa Rica,1,Plot 20,1,1,decurrens,14,1,2,1,0,2
Costa Rica,1,Plot 20,1,2,decurrens,0,0,2,1,0,0
Costa Rica,1,Plot 20,10,2,urostachyum,19.25,1,2,1,0,3
Costa Rica,1,Plot 20,11,2,urostachyum,18.5,1,2,1,0,3
Costa Rica,1,Plot 20,12,2,urostachyum,36.6666666666667,0,2,1,0,1
Costa Rica,1,Plot 20,2,1,decurrens,12.5,1,2,1,0,2
Costa Rica,1,Plot 20,2,2,decurrens,10.5,0,2,1,0,2
Costa Rica,1,Plot 20,3,1,decurrens,10.6666666666667,1,2,1,0,1
Costa Rica,1,Plot 20,3,2,decurrens,10.2,0,2,1,0,2
Costa Rica,1,Plot 20,4,2,decurrens,2,0,2,1,0,1
Costa Rica,1,Plot 20,5,2,decurrens,2,0,2,1,0,1
Costa Rica,1,Plot 20,6,2,decurrens,0,0,2,1,0,0
Costa Rica,1,Plot 20,7,2,urostachyum,38.6666666666667,1,2,1,0,2
Costa Rica,1,Plot 20,8,2,urostachyum,13.3333333333333,1,2,1,0,2
Costa Rica,1,Plot 20,9,2,urostachyum,22.5,1,2,1,0,1
Costa Rica,1,Plot 21,1,1,pseudobumbratum,5.4,1,2,1,0,1
Costa Rica,1,Plot 21,1,2,pseudobumbratum,16,1,2,1,0,2
Costa Rica,1,Plot 21,10,2,garagaranum,26.4,0,2,1,0,2
Costa Rica,1,Plot 21,11,2,garagaranum,7.85714285714286,1,2,1,0,2
Costa Rica,1,Plot 21,12,2,garagaranum,10.75,0,2,1,0,2
Costa Rica,1,Plot 21,2,1,pseudobumbratum,22.1666666666667,1,2,1,0,2
Costa Rica,1,Plot 21,2,2,pseudobumbratum,18,0,2,1,0,2
Costa Rica,1,Plot 21,3,2,pseudobumbratum,18,0,2,1,0,1
Costa Rica,1,Plot 21,4,2,pseudobumbratum,13.5,0,2,1,0,2
Costa Rica,1,Plot 21,5,2,pseudobumbratum,7,0,2,1,0,2
Costa Rica,1,Plot 21,6,2,pseudobumbratum,15.4,0,2,1,0,2
Costa Rica,1,Plot 21,7,2,garagaranum,28.75,1,2,1,0,2
Costa Rica,1,Plot 21,8,2,garagaranum,38.25,1,2,1,0,2
Costa Rica,1,Plot 21,9,2,garagaranum,46.25,1,2,1,0,2
Costa Rica,1,Plot 22,1,1,peltatum,9,1,2,1,0,2
Costa Rica,1,Plot 22,1,2,peltatum,9,0,2,1,0,2
Costa Rica,1,Plot 22,10,2,reticulatum,38,1,2,1,0,3
Costa Rica,1,Plot 22,11,2,reticulatum,18,1,2,1,0,1
Costa Rica,1,Plot 22,12,2,reticulatum,33.8,1,2,1,0,3
Costa Rica,1,Plot 22,2,1,peltatum,14.25,1,2,1,0,2
Costa Rica,1,Plot 22,2,2,peltatum,2,0,2,1,0,1
Costa Rica,1,Plot 22,3,1,peltatum,7,0,2,1,0,2
Costa Rica,1,Plot 22,4,1,peltatum,12,1,2,1,0,1
Costa Rica,1,Plot 22,4,2,peltatum,2,0,2,1,0,1
Costa Rica,1,Plot 22,5,1,peltatum,4.33333333333333,0,2,1,0,2
Costa Rica,1,Plot 22,6,2,peltatum,1,0,2,1,0,1
Costa Rica,1,Plot 22,7,2,reticulatum,2,0,2,1,0,2
Costa Rica,1,Plot 22,9,2,reticulatum,0.666666666666667,1,2,1,0,1
Costa Rica,1,Plot 23,1,2,imperiale,30.5,0,1,0,0,3
Costa Rica,1,Plot 23,10,2,imperiale,59,1,1,0,0,2
Costa Rica,1,Plot 23,11,2,imperiale,28.25,1,1,0,0,3
Costa Rica,1,Plot 23,12,2,imperiale,56,1,1,0,0,2
Costa Rica,1,Plot 23,2,2,imperiale,45,1,1,0,0,2
Costa Rica,1,Plot 23,4,2,imperiale,47.6666666666667,0,1,0,0,2
Costa Rica,1,Plot 23,5,2,imperiale,34.5,1,1,0,0,2
Costa Rica,1,Plot 23,6,2,imperiale,30.5,1,1,0,0,2
Costa Rica,1,Plot 23,7,2,imperiale,58,1,1,0,0,2
Costa Rica,1,Plot 23,8,2,imperiale,20.3333333333333,1,1,0,0,2
Costa Rica,1,Plot 23,9,2,imperiale,58.5,1,1,0,0,2
Costa Rica,1,Plot 24,1,1,urostachyum,26.1818181818182,1,1,0,0,2
Costa Rica,1,Plot 24,1,2,urostachyum,48.75,1,1,0,0,2
Costa Rica,1,Plot 24,10,2,urostachyum,46.25,1,1,0,0,3
Costa Rica,1,Plot 24,11,2,urostachyum,58.3333333333333,1,1,0,0,3
Costa Rica,1,Plot 24,12,2,urostachyum,25.8,1,1,0,0,1
Costa Rica,1,Plot 24,2,1,urostachyum,32.5,1,1,0,0,2
Costa Rica,1,Plot 24,2,2,urostachyum,51.6666666666667,1,1,0,0,2
Costa Rica,1,Plot 24,3,2,urostachyum,30,1,1,0,0,1
Costa Rica,1,Plot 24,4,2,urostachyum,20.2,1,1,0,0,2
Costa Rica,1,Plot 24,5,2,urostachyum,47.5,1,1,0,0,2
Costa Rica,1,Plot 24,6,2,urostachyum,31.25,1,1,0,0,1
Costa Rica,1,Plot 24,7,2,urostachyum,54.6666666666667,0,1,0,0,1
Costa Rica,1,Plot 24,8,2,urostachyum,44,0,1,0,0,2
Costa Rica,1,Plot 24,9,2,urostachyum,30,1,1,0,0,2
Costa Rica,1,Plot 25,1,2,pseudobumbratum,46,0,1,0,0,1
Costa Rica,1,Plot 25,10,2,pseudobumbratum,53.3333333333333,1,1,0,0,2
Costa Rica,1,Plot 25,11,2,pseudobumbratum,50,0,1,0,0,1
Costa Rica,1,Plot 25,12,2,pseudobumbratum,50,0,1,0,0,1
Costa Rica,1,Plot 25,2,2,pseudobumbratum,3.5,0,1,0,0,1
Costa Rica,1,Plot 25,3,2,pseudobumbratum,81.5,0,1,0,0,1
Costa Rica,1,Plot 25,4,2,pseudobumbratum,50,1,1,0,0,2
Costa Rica,1,Plot 25,5,2,pseudobumbratum,25,0,1,0,0,2
Costa Rica,1,Plot 25,6,2,pseudobumbratum,3.5,0,1,0,0,2
Costa Rica,1,Plot 25,7,2,pseudobumbratum,54,0,1,0,0,2
Costa Rica,1,Plot 25,8,2,pseudobumbratum,50,0,1,0,0,1
Costa Rica,1,Plot 25,9,2,pseudobumbratum,10,0,1,0,0,2
Costa Rica,1,Plot 26,1,1,reticulatum,42.5,1,1,0,0,2
Costa Rica,1,Plot 26,1,2,reticulatum,9.5,0,1,0,0,2
Costa Rica,1,Plot 26,10,2,reticulatum,40,0,1,0,0,1
Costa Rica,1,Plot 26,2,1,reticulatum,21,1,1,0,0,2
Costa Rica,1,Plot 26,2,2,reticulatum,47,0,1,0,0,3
Costa Rica,1,Plot 26,3,1,reticulatum,51,1,1,0,0,2
Costa Rica,1,Plot 26,3,2,reticulatum,60,0,1,0,0,1
Costa Rica,1,Plot 26,4,1,reticulatum,34.5,1,1,0,0,2
Costa Rica,1,Plot 26,4,2,reticulatum,51,0,1,0,0,1
Costa Rica,1,Plot 26,5,1,reticulatum,35.6666666666667,0,1,0,0,2
Costa Rica,1,Plot 26,6,1,reticulatum,52.3333333333333,1,1,0,0,1
Costa Rica,1,Plot 26,6,2,reticulatum,7.66666666666667,0,1,0,0,2
Costa Rica,1,Plot 26,7,1,reticulatum,13.5,1,1,0,0,2
Costa Rica,1,Plot 26,7,2,reticulatum,42.5,0,1,0,0,2
Costa Rica,1,Plot 26,8,1,reticulatum,29,1,1,0,0,1
Costa Rica,1,Plot 26,8,2,reticulatum,36,0,1,0,0,1
Costa Rica,1,Plot 26,9,2,reticulatum,15.5,0,1,0,0,3
Costa Rica,1,Plot 27,1,1,imperiale,34.75,1,1,1,0,2
Costa Rica,1,Plot 27,1,2,imperiale,13.75,1,1,1,0,2
Costa Rica,1,Plot 27,10,2,imperiale,41.5,1,1,1,0,2
Costa Rica,1,Plot 27,11,2,imperiale,22.3333333333333,0,1,1,0,2
Costa Rica,1,Plot 27,12,2,imperiale,18.75,1,1,1,0,2
Costa Rica,1,Plot 27,2,1,imperiale,3.5,1,1,1,0,1
Costa Rica,1,Plot 27,2,2,imperiale,22.5,0,1,1,0,2
Costa Rica,1,Plot 27,3,2,imperiale,37.4,0,1,1,0,2
Costa Rica,1,Plot 27,4,2,imperiale,32.2,0,1,1,0,2
Costa Rica,1,Plot 27,5,2,imperiale,33.3333333333333,0,1,1,0,2
Costa Rica,1,Plot 27,6,2,imperiale,35.25,1,1,1,0,2
Costa Rica,1,Plot 27,7,2,imperiale,32,1,1,1,0,3
Costa Rica,1,Plot 27,7,3,imperiale,30.8333333333333,0,1,1,0,2
Costa Rica,1,Plot 27,8,2,imperiale,40.6666666666667,0,1,1,0,2
Costa Rica,1,Plot 27,9,2,imperiale,23.5,1,1,1,0,2
Costa Rica,1,Plot 28,1,2,urostachyum,26.75,0,1,1,0,2
Costa Rica,1,Plot 28,10,2,urostachyum,1.33333333333333,0,1,1,0,1
Costa Rica,1,Plot 28,11,2,urostachyum,35.6666666666667,0,1,1,0,2
Costa Rica,1,Plot 28,2,2,urostachyum,28.375,0,1,1,0,3
Costa Rica,1,Plot 28,3,2,urostachyum,50,1,1,1,0,3
Costa Rica,1,Plot 28,3,3,urostachyum,53.3333333333333,0,1,1,0,2
Costa Rica,1,Plot 28,4,2,urostachyum,39.5,0,1,1,0,3
Costa Rica,1,Plot 28,5,2,urostachyum,41,0,1,1,0,2
Costa Rica,1,Plot 28,6,2,urostachyum,36.6,0,1,1,0,2
Costa Rica,1,Plot 28,7,2,urostachyum,40,0,1,1,0,2
Costa Rica,1,Plot 28,8,2,urostachyum,27.75,1,1,1,0,2
Costa Rica,1,Plot 28,9,2,urostachyum,44.75,0,1,1,0,2
Costa Rica,1,Plot 29,1,1,pseudobumbratum,10.4666666666667,1,1,1,0,3
Costa Rica,1,Plot 29,1,2,pseudobumbratum,9,0,1,1,0,2
Costa Rica,1,Plot 29,10,1,pseudobumbratum,14.6363636363636,1,1,1,0,2
Costa Rica,1,Plot 29,10,2,pseudobumbratum,2.75,0,1,1,0,2
Costa Rica,1,Plot 29,11,1,pseudobumbratum,9.45454545454546,1,1,1,0,3
Costa Rica,1,Plot 29,11,2,pseudobumbratum,24.5,0,1,1,0,1
Costa Rica,1,Plot 29,12,2,pseudobumbratum,29,0,1,1,0,2
Costa Rica,1,Plot 29,2,1,pseudobumbratum,8.8,1,1,1,0,2
Costa Rica,1,Plot 29,2,2,pseudobumbratum,21,1,1,1,0,2
Costa Rica,1,Plot 29,3,1,pseudobumbratum,34.6,1,1,1,0,2
Costa Rica,1,Plot 29,3,2,pseudobumbratum,5.33333333333333,0,1,1,0,1
Costa Rica,1,Plot 29,4,1,pseudobumbratum,27,1,1,1,0,3
Costa Rica,1,Plot 29,4,2,pseudobumbratum,12.75,0,1,1,0,2
Costa Rica,1,Plot 29,5,1,pseudobumbratum,11.8461538461538,1,1,1,0,3
Costa Rica,1,Plot 29,5,2,pseudobumbratum,3.75,1,1,1,0,2
Costa Rica,1,Plot 29,6,1,pseudobumbratum,7.2,1,1,1,0,2
Costa Rica,1,Plot 29,6,2,pseudobumbratum,19.6666666666667,0,1,1,0,2
Costa Rica,1,Plot 29,7,1,pseudobumbratum,3.375,1,1,1,0,2
Costa Rica,1,Plot 29,7,2,pseudobumbratum,11,0,1,1,0,2
Costa Rica,1,Plot 29,8,1,pseudobumbratum,9.5625,1,1,1,0,2
Costa Rica,1,Plot 29,8,2,pseudobumbratum,9,0,1,1,0,2
Costa Rica,1,Plot 29,9,1,pseudobumbratum,26.2,1,1,1,0,2
Costa Rica,1,Plot 29,9,2,pseudobumbratum,30.25,1,1,1,0,2
Costa Rica,1,Plot 3,1,2,sancti-felicis,55,1,12,1,1,2
Costa Rica,1,Plot 3,10,2,decurrens,0.75,1,12,1,1,2
Costa Rica,1,Plot 3,11,2,nudifolium,36.6666666666667,0,12,1,1,1
Costa Rica,1,Plot 3,12,2,imperiale,25,1,12,1,1,2
Costa Rica,1,Plot 3,12,3,imperiale,32.6666666666667,1,12,1,1,2
Costa Rica,1,Plot 3,2,2,urostachyum,33.25,1,12,1,1,2
Costa Rica,1,Plot 3,3,2,arboreum,41.5,1,12,1,1,2
Costa Rica,1,Plot 3,3,3,arboreum,64,0,12,1,1,1
Costa Rica,1,Plot 3,4,2,biolleyi,27.5,0,12,1,1,1
Costa Rica,1,Plot 3,5,2,peltatum,12.5,0,12,1,1,2
Costa Rica,1,Plot 3,6,2,multiplinervium,25.5,0,12,1,1,3
Costa Rica,1,Plot 3,7,2,pseudobumbratum,16.6666666666667,1,12,1,1,2
Costa Rica,1,Plot 3,8,2,garagaranum,28.4,1,12,1,1,2
Costa Rica,1,Plot 3,9,2,reticulatum,50,0,12,1,1,2
Costa Rica,1,Plot 30,1,2,reticulatum,63,0,1,1,0,2
Costa Rica,1,Plot 30,10,2,reticulatum,0,0,1,1,0,0
Costa Rica,1,Plot 30,11,2,reticulatum,42.75,0,1,1,0,2
Costa Rica,1,Plot 30,12,2,reticulatum,12.3333333333333,0,1,1,0,2
Costa Rica,1,Plot 30,3,2,reticulatum,8.33333333333333,1,1,1,0,3
Costa Rica,1,Plot 30,3,3,reticulatum,23.3333333333333,0,1,1,0,1
Costa Rica,1,Plot 30,5,2,reticulatum,4,0,1,1,0,1
Costa Rica,1,Plot 30,6,2,reticulatum,16,0,1,1,0,2
Costa Rica,1,Plot 30,7,2,reticulatum,6.75,0,1,1,0,3
Costa Rica,1,Plot 30,9,2,reticulatum,2.66666666666667,0,1,1,0,1
Costa Rica,1,Plot 4,1,1,arboreum,3.25,1,12,1,0,1
Costa Rica,1,Plot 4,1,2,arboreum,29.4444444444444,1,12,1,0,2
Costa Rica,1,Plot 4,10,1,reticulatum,20.6666666666667,1,12,1,0,2
Costa Rica,1,Plot 4,10,2,reticulatum,55,0,12,1,0,1
Costa Rica,1,Plot 4,11,1,garagaranum,3.5,1,12,1,0,1
Costa Rica,1,Plot 4,11,2,garagaranum,10.8,1,12,1,0,2
Costa Rica,1,Plot 4,12,1,peltatum,1.25,1,12,1,0,1
Costa Rica,1,Plot 4,12,2,peltatum,6.33333333333333,0,12,1,0,2
Costa Rica,1,Plot 4,2,1,multiplinervium,24.1666666666667,1,12,1,0,2
Costa Rica,1,Plot 4,2,2,multiplinervium,14.1666666666667,1,12,1,0,3
Costa Rica,1,Plot 4,3,1,decurrens,9.66666666666667,1,12,1,0,2
Costa Rica,1,Plot 4,3,2,decurrens,17,1,12,1,0,2
Costa Rica,1,Plot 4,4,1,urostachyum,23.4,1,12,1,0,2
Costa Rica,1,Plot 4,4,2,urostachyum,39,1,12,1,0,2
Costa Rica,1,Plot 4,5,1,biolleyi,0,1,12,1,0,0
Costa Rica,1,Plot 4,5,2,biolleyi,18,0,12,1,0,3
Costa Rica,1,Plot 4,6,1,imperiale,0.333333333333333,1,12,1,0,1
Costa Rica,1,Plot 4,6,2,imperiale,23.6666666666667,1,12,1,0,2
Costa Rica,1,Plot 4,7,1,nudifolium,0,1,12,1,0,0
Costa Rica,1,Plot 4,7,2,nudifolium,40,0,12,1,0,2
Costa Rica,1,Plot 4,8,1,pseudobumbratum,10,1,12,1,0,1
Costa Rica,1,Plot 4,8,2,pseudobumbratum,13.3333333333333,1,12,1,0,2
Costa Rica,1,Plot 4,9,1,sancti-felicis,4.66666666666667,1,12,1,0,1
Costa Rica,1,Plot 4,9,2,sancti-felicis,30.8333333333333,0,12,1,0,2
Costa Rica,1,Plot 5,1,1,peltatum,12.4666666666667,1,12,1,0,2
Costa Rica,1,Plot 5,1,2,peltatum,20,1,12,1,0,1
Costa Rica,1,Plot 5,10,2,sancti-felicis,16.6666666666667,1,12,1,0,2
Costa Rica,1,Plot 5,11,2,arboreum,25.4,0,12,1,0,2
Costa Rica,1,Plot 5,12,2,biolleyi,55,1,12,1,0,2
Costa Rica,1,Plot 5,12,3,biolleyi,58.75,0,12,1,0,2
Costa Rica,1,Plot 5,2,1,multiplinervium,13.4444444444444,1,12,1,0,3
Costa Rica,1,Plot 5,2,2,multiplinervium,4,0,12,1,0,2
Costa Rica,1,Plot 5,3,1,pseudobumbratum,18.8095238095238,1,12,1,0,3
Costa Rica,1,Plot 5,3,2,pseudobumbratum,8.66666666666667,1,12,1,0,2
Costa Rica,1,Plot 5,4,1,garagaranum,11,1,12,1,0,2
Costa Rica,1,Plot 5,4,2,garagaranum,15,1,12,1,0,2
Costa Rica,1,Plot 5,5,1,reticulatum,32,1,12,1,0,3
Costa Rica,1,Plot 5,5,2,reticulatum,44.3333333333333,0,12,1,0,2
Costa Rica,1,Plot 5,6,1,decurrens,1.5,1,12,1,0,1
Costa Rica,1,Plot 5,6,2,decurrens,5.4,1,12,1,0,2
Costa Rica,1,Plot 5,7,1,nudifolium,0,1,12,1,0,0
Costa Rica,1,Plot 5,7,2,nudifolium,7.4,1,12,1,0,2
Costa Rica,1,Plot 5,7,3,nudifolium,27.4285714285714,1,12,1,0,1
Costa Rica,1,Plot 5,8,2,imperiale,31.3333333333333,1,12,1,0,2
Costa Rica,1,Plot 5,9,2,urostachyum,27.5,0,12,1,0,3
Costa Rica,1,Plot 6,1,2,biolleyi,26,0,12,1,0,2
Costa Rica,1,Plot 6,10,2,sancti-felicis,22.1666666666667,0,12,1,0,2
Costa Rica,1,Plot 6,11,2,urostachyum,30.3333333333333,1,12,1,0,2
Costa Rica,1,Plot 6,12,2,arboreum,42.5,1,12,1,0,2
Costa Rica,1,Plot 6,12,3,arboreum,61.5,0,12,1,0,1
Costa Rica,1,Plot 6,3,2,multiplinervium,62.5,0,12,1,0,2
Costa Rica,1,Plot 6,4,2,pseudobumbratum,4.33333333333333,0,12,1,0,1
Costa Rica,1,Plot 6,5,2,garagaranum,20.7142857142857,0,12,1,0,2
Costa Rica,1,Plot 6,6,2,reticulatum,50,0,12,1,0,1
Costa Rica,1,Plot 6,7,2,decurrens,1,0,12,1,0,1
Costa Rica,1,Plot 6,8,2,nudifolium,3,0,12,1,0,2
Costa Rica,1,Plot 6,9,2,imperiale,85,0,12,1,0,2
Costa Rica,1,Plot 7,1,1,imperiale,21.5,1,2,0,1,2
Costa Rica,1,Plot 7,1,2,imperiale,25,0,2,0,1,2
Costa Rica,1,Plot 7,11,2,nudifolium,20,0,2,0,1,1
Costa Rica,1,Plot 7,12,2,nudifolium,30,1,2,0,1,2
Costa Rica,1,Plot 7,2,1,imperiale,1.5,0,2,0,1,1
Costa Rica,1,Plot 7,3,2,imperiale,26.6,0,2,0,1,2
Costa Rica,1,Plot 7,4,2,imperiale,56.6666666666667,1,2,0,1,2
Costa Rica,1,Plot 7,5,2,imperiale,31.6666666666667,1,2,0,1,2
Costa Rica,1,Plot 7,5,3,imperiale,25,1,2,0,1,1
Costa Rica,1,Plot 7,6,2,imperiale,27,0,2,0,1,2
Costa Rica,1,Plot 7,7,2,nudifolium,6,1,2,0,1,1
Costa Rica,1,Plot 7,8,2,nudifolium,25,0,2,0,1,2
Costa Rica,1,Plot 7,9,2,nudifolium,21.1428571428571,0,2,0,1,2
Costa Rica,1,Plot 8,1,2,decurrens,14.1428571428571,0,2,0,1,3
Costa Rica,1,Plot 8,10,2,urostachyum,51.25,1,2,0,1,3
Costa Rica,1,Plot 8,11,2,urostachyum,42.5,1,2,0,1,2
Costa Rica,1,Plot 8,12,2,urostachyum,27.5,1,2,0,1,2
Costa Rica,1,Plot 8,12,3,urostachyum,45,1,2,0,1,2
Costa Rica,1,Plot 8,2,2,decurrens,4,1,2,0,1,2
Costa Rica,1,Plot 8,3,2,decurrens,0,1,2,0,1,0
Costa Rica,1,Plot 8,4,2,decurrens,0.6,1,2,0,1,1
Costa Rica,1,Plot 8,5,2,decurrens,6.81818181818182,1,2,0,1,2
Costa Rica,1,Plot 8,6,2,decurrens,6.2,1,2,0,1,2
Costa Rica,1,Plot 8,7,2,urostachyum,36.4,0,2,0,1,3
Costa Rica,1,Plot 8,8,2,urostachyum,2,0,2,0,1,1
Costa Rica,1,Plot 8,9,2,urostachyum,29.2,1,2,0,1,2
Costa Rica,1,Plot 9,1,1,garagaranum,5.94736842105263,1,2,0,1,2
Costa Rica,1,Plot 9,1,2,garagaranum,20,0,2,0,1,1
Costa Rica,1,Plot 9,10,2,pseudobumbratum,2,0,2,0,1,1
Costa Rica,1,Plot 9,11,2,pseudobumbratum,13.5,1,2,0,1,1
Costa Rica,1,Plot 9,12,2,pseudobumbratum,0.666666666666667,0,2,0,1,1
Costa Rica,1,Plot 9,2,1,garagaranum,4.05882352941176,1,2,0,1,2
Costa Rica,1,Plot 9,2,2,garagaranum,37.5,0,2,0,1,1
Costa Rica,1,Plot 9,3,1,garagaranum,31.6666666666667,1,2,0,1,1
Costa Rica,1,Plot 9,3,2,garagaranum,30,0,2,0,1,1
Costa Rica,1,Plot 9,4,2,garagaranum,27.3333333333333,1,2,0,1,2
Costa Rica,1,Plot 9,5,2,garagaranum,0,0,2,0,1,0
Costa Rica,1,Plot 9,6,2,garagaranum,17,0,2,0,1,2
Costa Rica,1,Plot 9,7,2,pseudobumbratum,18.5,0,2,0,1,2
Costa Rica,1,Plot 9,8,2,pseudobumbratum,16,0,2,0,1,3
Costa Rica,1,Plot 9,9,2,pseudobumbratum,17,0,2,0,1,2
mogi,1,1,1410,one,crassinervium,0.5,0,1,0,0,1
mogi,1,1,1415,one,crassinervium,29,0,1,0,0,2
mogi,1,1,1416,one,crassinervium,3,1,1,0,0,1
mogi,1,1,1416,two,crassinervium,4,0,1,0,0,1
mogi,1,1,1442,one,crassinervium,45,1,1,0,0,2
mogi,1,1,1442,two,crassinervium,50,0,1,0,0,1
mogi,1,1,1443,four,crassinervium,1.5,1,1,0,0,2
mogi,1,1,1443,one,crassinervium,0,1,1,0,0,0
mogi,1,1,1443,three,crassinervium,4.8,1,1,0,0,1
mogi,1,1,1443,two,crassinervium,3,1,1,0,0,1
mogi,1,1,1459,one,crassinervium,3.5,1,1,0,0,1
mogi,1,1,1459,two,crassinervium,2,0,1,0,0,1
mogi,1,1,1462,one,crassinervium,29,0,1,0,0,2
mogi,1,1,1464,four,crassinervium,15.75,1,1,0,0,2
mogi,1,1,1464,one,crassinervium,30.2,1,1,0,0,2
mogi,1,1,1464,three,crassinervium,0,1,1,0,0,0
mogi,1,1,1464,two,crassinervium,17,1,1,0,0,2
mogi,1,1,1467,four,crassinervium,2,1,1,0,0,1
mogi,1,1,1467,one,crassinervium,38,1,1,0,0,2
mogi,1,1,1467,three,crassinervium,5,1,1,0,0,1
mogi,1,1,1467,two,crassinervium,61,1,1,0,0,2
mogi,1,10,1010,one,richardifolium,4,1,1,0,0,0
mogi,1,10,1010,two,richardifolium,8,0,1,0,0,1
mogi,1,10,1018,one,richardifolium,0.2,1,1,0,0,1
mogi,1,10,1018,three,richardifolium,80.25,0,1,0,0,1
mogi,1,10,1018,two,richardifolium,3.6,1,1,0,0,1
mogi,1,10,1031,one,richardifolium,1,0,1,0,0,1
mogi,1,10,1040,one,richardifolium,45,0,1,0,0,2
mogi,1,10,1071,one,richardifolium,5.5,1,1,0,0,2
mogi,1,10,1071,three,richardifolium,2,0,1,0,0,1
mogi,1,10,1071,two,richardifolium,3.33333333333333,1,1,0,0,1
mogi,1,10,1090,one,richardifolium,22.5,1,1,0,0,1
mogi,1,10,1090,three,richardifolium,94,0,1,0,0,1
mogi,1,10,1090,two,richardifolium,0,1,1,0,0,0
mogi,1,10,1314,one,richardifolium,23.3333333333333,1,1,0,0,1
mogi,1,10,1314,two,richardifolium,0,0,1,0,0,0
mogi,1,11,1307,one,richardifolium,1.75,0,1,1,0,2
mogi,1,11,1316,four,richardifolium,0,1,1,1,0,0
mogi,1,11,1316,one,richardifolium,2.25,1,1,1,0,1
mogi,1,11,1316,three,richardifolium,16.3333333333333,1,1,1,0,1
mogi,1,11,1316,two,richardifolium,25,1,1,1,0,2
mogi,1,11,1317,one,richardifolium,13,0,1,1,0,1
mogi,1,11,1324,one,richardifolium,29.5,0,1,1,0,1
mogi,1,11,1325,one,richardifolium,10.25,0,1,1,0,0
mogi,1,12,1301,four,arboreum,0,1,1,0,0,0
mogi,1,12,1301,one,arboreum,7.33333333333333,1,1,0,0,2
mogi,1,12,1301,three,arboreum,3.6,1,1,0,0,2
mogi,1,12,1301,two,arboreum,6.33333333333333,1,1,0,0,2
mogi,1,12,1305,four,arboreum,0,1,1,0,0,0
mogi,1,12,1305,one,arboreum,18.7142857142857,1,1,0,0,2
mogi,1,12,1305,three,arboreum,1,1,1,0,0,1
mogi,1,12,1305,two,arboreum,4.33333333333333,1,1,0,0,1
mogi,1,12,1313,four,arboreum,0,1,1,0,0,0
mogi,1,12,1313,one,arboreum,0,1,1,0,0,0
mogi,1,12,1313,three,arboreum,1.5,1,1,0,0,1
mogi,1,12,1313,two,arboreum,2,1,1,0,0,2
mogi,1,12,1315,one,arboreum,5.33333333333333,1,1,0,0,1
mogi,1,12,1315,three,arboreum,0,0,1,0,0,0
mogi,1,12,1315,two,arboreum,15,1,1,0,0,0
mogi,1,12,1320,one,arboreum,8.33333333333333,1,1,0,0,1
mogi,1,12,1320,two,arboreum,15,0,1,0,0,1
mogi,1,12,1331,four,arboreum,0,1,1,0,0,0
mogi,1,12,1331,one,arboreum,0,1,1,0,0,0
mogi,1,12,1331,three,arboreum,0.111111111111111,1,1,0,0,1
mogi,1,12,1331,two,arboreum,0,1,1,0,0,0
mogi,1,12,1332,four,arboreum,0,1,1,0,0,0
mogi,1,12,1332,one,arboreum,30.5,1,1,0,0,2
mogi,1,12,1332,three,arboreum,1,1,1,0,0,1
mogi,1,12,1332,two,arboreum,2,1,1,0,0,1
mogi,1,12,1483,four,arboreum,0,1,1,0,0,0
mogi,1,12,1483,one,arboreum,8,1,1,0,0,1
mogi,1,12,1483,three,arboreum,13.3333333333333,1,1,0,0,1
mogi,1,12,1483,two,arboreum,12.5,1,1,0,0,0
mogi,1,12,1489,four,arboreum,0,1,1,0,0,0
mogi,1,12,1489,one,arboreum,0,1,1,0,0,0
mogi,1,12,1489,three,arboreum,18.3333333333333,1,1,0,0,1
mogi,1,12,1489,two,arboreum,8,1,1,0,0,0
mogi,1,12,1492,one,arboreum,0,0,1,0,0,0
mogi,1,12,1494,four,arboreum,0,1,1,0,0,0
mogi,1,12,1494,one,arboreum,0,1,1,0,0,0
mogi,1,12,1494,three,arboreum,4.75,1,1,0,0,1
mogi,1,12,1494,two,arboreum,4.66666666666667,1,1,0,0,1
mogi,1,12,1498,four,arboreum,0,1,1,0,0,0
mogi,1,12,1498,one,arboreum,0.4,1,1,0,0,1
mogi,1,12,1498,three,arboreum,0.5,1,1,0,0,2
mogi,1,12,1498,two,arboreum,0.5,1,1,0,0,0
mogi,1,2,1401,four,crassinervium,6.25,1,2,0,0,1
mogi,1,2,1401,one,crassinervium,1,1,2,0,0,1
mogi,1,2,1401,three,crassinervium,9,1,2,0,0,1
mogi,1,2,1401,two,crassinervium,1.5,1,2,0,0,1
mogi,1,2,1402,four,miquelianum,0.333333333333333,1,2,0,0,1
mogi,1,2,1402,one,miquelianum,50,1,2,0,0,1
mogi,1,2,1402,three,miquelianum,23.5,1,2,0,0,2
mogi,1,2,1402,two,miquelianum,50,1,2,0,0,1
mogi,1,2,1403,one,crassinervium,0,0,2,0,0,0
mogi,1,2,1404,four,miquelianum,10,0,2,0,0,1
mogi,1,2,1404,one,miquelianum,10.3333333333333,1,2,0,0,2
mogi,1,2,1404,three,miquelianum,0,1,2,0,0,0
mogi,1,2,1404,two,miquelianum,11.2,1,2,0,0,2
mogi,1,2,1405,four,miquelianum,9,1,2,0,0,2
mogi,1,2,1405,one,miquelianum,11.7142857142857,1,2,0,0,2
mogi,1,2,1405,three,miquelianum,12.5,1,2,0,0,2
mogi,1,2,1405,two,miquelianum,0,1,2,0,0,0
mogi,1,2,1407,one,crassinervium,0,1,2,0,0,0
mogi,1,2,1407,three,crassinervium,6.8,0,2,0,0,2
mogi,1,2,1407,two,crassinervium,0,1,2,0,0,0
mogi,1,2,1408,four,miquelianum,0,1,2,0,0,0
mogi,1,2,1408,one,miquelianum,1.5,1,2,0,0,1
mogi,1,2,1408,three,miquelianum,0.4,1,2,0,0,1
mogi,1,2,1408,two,miquelianum,0.333333333333333,1,2,0,0,1
mogi,1,2,1412,four,miquelianum,10.3333333333333,1,2,0,0,2
mogi,1,2,1412,one,miquelianum,17,1,2,0,0,2
mogi,1,2,1412,three,miquelianum,8.85714285714286,1,2,0,0,2
mogi,1,2,1412,two,miquelianum,16.6666666666667,1,2,0,0,1
mogi,1,2,1413,four,miquelianum,3.16666666666667,1,2,0,0,2
mogi,1,2,1413,one,miquelianum,3.25,1,2,0,0,2
mogi,1,2,1413,three,miquelianum,4,1,2,0,0,1
mogi,1,2,1413,two,miquelianum,3.5,1,2,0,0,1
mogi,1,2,1414,four,crassinervium,5,1,2,0,0,1
mogi,1,2,1414,one,crassinervium,0.25,1,2,0,0,1
mogi,1,2,1414,three,crassinervium,12.5,1,2,0,0,1
mogi,1,2,1414,two,crassinervium,0,1,2,0,0,0
mogi,1,2,1466,one,crassinervium,11.6666666666667,0,2,0,0,2
mogi,1,3,1411,one,miquelianum,21.3333333333333,0,4,0,0,2
mogi,1,3,1426,one,miquelianum,50,0,4,0,0,1
mogi,1,3,1427,four,crassinervium,0,0,4,0,0,0
mogi,1,3,1427,one,crassinervium,5,1,4,0,0,1
mogi,1,3,1427,three,crassinervium,28,1,4,0,0,2
mogi,1,3,1427,two,crassinervium,41,1,4,0,0,1
mogi,1,3,1430,four,arboreum,0,1,4,0,0,0
mogi,1,3,1430,one,arboreum,1.25,1,4,0,0,1
mogi,1,3,1430,three,arboreum,0,1,4,0,0,0
mogi,1,3,1430,two,arboreum,20,1,4,0,0,2
mogi,1,3,1432,one,richardifolium,19.6666666666667,0,4,0,0,2
mogi,1,3,1433,one,richardifolium,43.3333333333333,0,4,0,0,2
mogi,1,3,1434,four,crassinervium,2.16666666666667,1,4,0,0,1
mogi,1,3,1434,one,crassinervium,11,1,4,0,0,3
mogi,1,3,1434,three,crassinervium,3.4,1,4,0,0,2
mogi,1,3,1434,two,crassinervium,4.66666666666667,1,4,0,0,2
mogi,1,3,1449,four,arboreum,0,1,4,0,0,0
mogi,1,3,1449,one,arboreum,0,1,4,0,0,0
mogi,1,3,1449,three,arboreum,3.4,1,4,0,0,1
mogi,1,3,1449,two,arboreum,1,1,4,0,0,1
mogi,1,3,1454,four,miquelianum,1,0,4,0,0,1
mogi,1,3,1454,one,miquelianum,0.666666666666667,1,4,0,0,1
mogi,1,3,1454,three,miquelianum,0.4,1,4,0,0,1
mogi,1,3,1454,two,miquelianum,0.333333333333333,1,4,0,0,1
mogi,1,3,1475,four,arboreum,0.625,1,4,0,0,2
mogi,1,3,1475,one,arboreum,0.2,1,4,0,0,1
mogi,1,3,1475,three,arboreum,0.571428571428571,1,4,0,0,2
mogi,1,3,1475,two,arboreum,0.2,1,4,0,0,1
mogi,1,4,1068,four,miquelianum,0,1,2,1,0,0
mogi,1,4,1068,one,miquelianum,0,1,2,1,0,0
mogi,1,4,1068,three,miquelianum,9.85714285714286,1,2,1,0,2
mogi,1,4,1068,two,miquelianum,20.6666666666667,1,2,1,0,2
mogi,1,4,1420,four,crassinervium,1.33333333333333,1,2,1,0,1
mogi,1,4,1420,one,crassinervium,0,1,2,1,0,0
mogi,1,4,1420,three,crassinervium,2,1,2,1,0,1
mogi,1,4,1420,two,crassinervium,1.66666666666667,1,2,1,0,1
mogi,1,4,1421,one,crassinervium,0,1,2,1,0,0
mogi,1,4,1421,two,crassinervium,2,0,2,1,0,1
mogi,1,4,1422,four,miquelianum,6.25,1,2,1,0,1
mogi,1,4,1422,one,miquelianum,0,1,2,1,0,0
mogi,1,4,1422,three,miquelianum,21.25,1,2,1,0,2
mogi,1,4,1422,two,miquelianum,37.25,1,2,1,0,2
mogi,1,4,1423,four,crassinervium,3.5,1,2,1,0,2
mogi,1,4,1423,one,crassinervium,0,1,2,1,0,0
mogi,1,4,1423,three,crassinervium,2,1,2,1,0,1
mogi,1,4,1423,two,crassinervium,0,1,2,1,0,0
mogi,1,4,1435,four,crassinervium,0.5,0,2,1,0,1
mogi,1,4,1435,one,crassinervium,0,1,2,1,0,0
mogi,1,4,1435,three,crassinervium,13.5,1,2,1,0,2
mogi,1,4,1435,two,crassinervium,15,1,2,1,0,2
mogi,1,4,1437,four,miquelianum,1.25,1,2,1,0,1
mogi,1,4,1437,one,miquelianum,28,1,2,1,0,2
mogi,1,4,1437,three,miquelianum,1,1,2,1,0,1
mogi,1,4,1437,two,miquelianum,0,1,2,1,0,0
mogi,1,4,1438,four,miquelianum,10.5,1,2,1,0,2
mogi,1,4,1438,one,miquelianum,0,1,2,1,0,0
mogi,1,4,1438,three,miquelianum,14,1,2,1,0,1
mogi,1,4,1438,two,miquelianum,26,1,2,1,0,2
mogi,1,4,1441,four,miquelianum,23.75,1,2,1,0,1
mogi,1,4,1441,one,miquelianum,0,1,2,1,0,0
mogi,1,4,1441,three,miquelianum,19.6,1,2,1,0,1
mogi,1,4,1441,two,miquelianum,74,1,2,1,0,1
mogi,1,4,1447,four,crassinervium,25.25,0,2,1,0,1
mogi,1,4,1447,one,crassinervium,0,1,2,1,0,0
mogi,1,4,1447,three,crassinervium,33.9090909090909,1,2,1,0,3
mogi,1,4,1447,two,crassinervium,81,1,2,1,0,1
mogi,1,4,1468,four,crassinervium,6.66666666666667,1,2,1,0,2
mogi,1,4,1468,one,crassinervium,0,1,2,1,0,0
mogi,1,4,1468,three,crassinervium,0,1,2,1,0,0
mogi,1,4,1468,two,crassinervium,0,1,2,1,0,0
mogi,1,4,1471,four,miquelianum,0.75,1,2,1,0,2
mogi,1,4,1471,one,miquelianum,0,1,2,1,0,0
mogi,1,4,1471,three,miquelianum,0.333333333333333,1,2,1,0,1
mogi,1,4,1471,two,miquelianum,0,1,2,1,0,0
mogi,1,5,1007,four,arboreum,8.2,1,4,1,0,2
mogi,1,5,1007,one,arboreum,0,1,4,1,0,0
mogi,1,5,1007,three,arboreum,5.85714285714286,1,4,1,0,2
mogi,1,5,1007,two,arboreum,1.33333333333333,1,4,1,0,1
mogi,1,5,1021,four,crassinervium,10.4,1,4,1,0,2
mogi,1,5,1021,one,crassinervium,0,1,4,1,0,0
mogi,1,5,1021,three,crassinervium,0,1,4,1,0,0
mogi,1,5,1021,two,crassinervium,6,1,4,1,0,1
mogi,1,5,1057,four,arboreum,2.83333333333333,1,4,1,0,2
mogi,1,5,1057,one,arboreum,0,1,4,1,0,0
mogi,1,5,1057,three,arboreum,1.25,1,4,1,0,2
mogi,1,5,1057,two,arboreum,1.75,1,4,1,0,1
mogi,1,5,1073,four,arboreum,3.66666666666667,1,4,1,0,2
mogi,1,5,1073,one,arboreum,0,1,4,1,0,0
mogi,1,5,1073,three,arboreum,7.66666666666667,1,4,1,0,2
mogi,1,5,1073,two,arboreum,4,1,4,1,0,1
mogi,1,5,1083,four,richardifolium,23.2,0,4,1,0,2
mogi,1,5,1083,one,richardifolium,0,1,4,1,0,0
mogi,1,5,1083,three,richardifolium,26.6666666666667,1,4,1,0,1
mogi,1,5,1083,two,richardifolium,42.5,1,4,1,0,1
mogi,1,5,1429,four,crassinervium,0.333333333333333,1,4,1,0,1
mogi,1,5,1429,one,crassinervium,0,1,4,1,0,0
mogi,1,5,1429,three,crassinervium,0.5,1,4,1,0,1
mogi,1,5,1429,two,crassinervium,1,1,4,1,0,1
mogi,1,5,1440,four,miquelianum,11.4,1,4,1,0,1
mogi,1,5,1440,one,miquelianum,0,1,4,1,0,0
mogi,1,5,1440,three,miquelianum,15.7142857142857,1,4,1,0,1
mogi,1,5,1440,two,miquelianum,9,1,4,1,0,1
mogi,1,5,2207,four,miquelianum,15.1666666666667,1,4,1,0,2
mogi,1,5,2207,one,miquelianum,0,1,4,1,0,0
mogi,1,5,2207,three,miquelianum,47.5,1,4,1,0,1
mogi,1,5,2207,two,miquelianum,30.6666666666667,1,4,1,0,1
mogi,1,5,2282,four,miquelianum,15.8333333333333,1,4,1,0,2
mogi,1,5,2282,one,miquelianum,0,1,4,1,0,0
mogi,1,5,2282,three,miquelianum,16.6666666666667,1,4,1,0,1
mogi,1,5,2282,two,miquelianum,40,1,4,1,0,1
mogi,1,6,1008,four,miquelianum,8.81818181818182,0,1,1,0,1
mogi,1,6,1008,one,miquelianum,20,1,1,1,0,2
mogi,1,6,1008,three,miquelianum,9.42857142857143,1,1,1,0,2
mogi,1,6,1008,two,miquelianum,19.5,1,1,1,0,2
mogi,1,6,1036,one,miquelianum,0,1,1,1,0,0
mogi,1,6,1036,two,miquelianum,0,0,1,1,0,0
mogi,1,6,1048,four,miquelianum,10.3333333333333,1,1,1,0,2
mogi,1,6,1048,one,miquelianum,40.5,1,1,1,0,1
mogi,1,6,1048,three,miquelianum,23.6,1,1,1,0,1
mogi,1,6,1048,two,miquelianum,42,1,1,1,0,1
mogi,1,6,1385,four,miquelianum,16.6666666666667,1,1,1,0,1
mogi,1,6,1385,one,miquelianum,9.625,1,1,1,0,2
mogi,1,6,1385,three,miquelianum,28.5,1,1,1,0,1
mogi,1,6,1385,two,miquelianum,14,1,1,1,0,1
mogi,1,6,1424,four,miquelianum,0,1,1,1,0,0
mogi,1,6,1424,one,miquelianum,25.5,1,1,1,0,3
mogi,1,6,1424,three,miquelianum,14.6666666666667,1,1,1,0,2
mogi,1,6,1424,two,miquelianum,15.5,1,1,1,0,2
mogi,1,6,1444,four,miquelianum,0,1,1,1,0,0
mogi,1,6,1444,one,miquelianum,33.3333333333333,1,1,1,0,2
mogi,1,6,1444,three,miquelianum,0,1,1,1,0,0
mogi,1,6,1444,two,miquelianum,25,1,1,1,0,2
mogi,1,6,1457,four,miquelianum,6.5,0,1,1,0,2
mogi,1,6,1457,one,miquelianum,4,1,1,1,0,2
mogi,1,6,1457,three,miquelianum,11,1,1,1,0,2
mogi,1,6,1457,two,miquelianum,12,1,1,1,0,1
mogi,1,6,1477,four,miquelianum,10.5,1,1,1,0,2
mogi,1,6,1477,one,miquelianum,0,1,1,1,0,0
mogi,1,6,1477,three,miquelianum,0,1,1,1,0,0
mogi,1,6,1477,two,miquelianum,19.5,1,1,1,0,1
mogi,1,6,1478,four,miquelianum,0,1,1,1,0,0
mogi,1,6,1478,one,miquelianum,0,1,1,1,0,0
mogi,1,6,1478,three,miquelianum,0.4,1,1,1,0,1
mogi,1,6,1478,two,miquelianum,0,1,1,1,0,0
mogi,1,6,2201,one,miquelianum,41.3333333333333,1,1,1,0,2
mogi,1,6,2201,three,miquelianum,22.6,0,1,1,0,1
mogi,1,6,2201,two,miquelianum,37.6666666666667,1,1,1,0,2
mogi,1,7,1011,one,crassinervium,16.25,1,1,1,0,2
mogi,1,7,1011,three,crassinervium,1.5,0,1,1,0,1
mogi,1,7,1011,two,crassinervium,21.75,1,1,1,0,2
mogi,1,7,1058,one,crassinervium,4,1,1,1,0,3
mogi,1,7,1058,three,crassinervium,60,0,1,1,0,0
mogi,1,7,1058,two,crassinervium,0,1,1,1,0,0
mogi,1,7,1085,four,crassinervium,0,1,1,1,0,0
mogi,1,7,1085,one,crassinervium,26,1,1,1,0,2
mogi,1,7,1085,three,crassinervium,0.5,1,1,1,0,1
mogi,1,7,1085,two,crassinervium,0,1,1,1,0,0
mogi,1,7,1087,one,crassinervium,1.25,1,1,1,0,1
mogi,1,7,1087,three,crassinervium,43,0,1,1,0,1
mogi,1,7,1087,two,crassinervium,33.3333333333333,1,1,1,0,1
mogi,1,7,1249,four,crassinervium,0,1,1,1,0,0
mogi,1,7,1249,one,crassinervium,5.25,1,1,1,0,1
mogi,1,7,1249,three,crassinervium,8.5,1,1,1,0,2
mogi,1,7,1249,two,crassinervium,7.66666666666667,1,1,1,0,2
mogi,1,7,1259,one,crassinervium,40,1,1,1,0,1
mogi,1,7,1259,three,crassinervium,0,0,1,1,0,0
mogi,1,7,1259,two,crassinervium,40.5,1,1,1,0,2
mogi,1,7,1268,one,crassinervium,18.6666666666667,1,1,1,0,3
mogi,1,7,1268,two,crassinervium,29,0,1,1,0,2
mogi,1,7,1439,one,crassinervium,0.6,1,1,1,0,1
mogi,1,7,1439,three,crassinervium,2,0,1,1,0,1
mogi,1,7,1439,two,crassinervium,0,1,1,1,0,0
mogi,1,7,1448,four,crassinervium,0,1,1,1,0,0
mogi,1,7,1448,one,crassinervium,40,1,1,1,0,2
mogi,1,7,1448,three,crassinervium,16.6666666666667,1,1,1,0,1
mogi,1,7,1448,two,crassinervium,21.3333333333333,1,1,1,0,2
mogi,1,7,1461,one,crassinervium,20,0,1,1,0,3
mogi,1,7,1476,one,crassinervium,4,0,1,1,0,2
mogi,1,7,1500,one,crassinervium,0,1,1,1,0,0
mogi,1,7,1500,three,crassinervium,4,0,1,1,0,2
mogi,1,7,1500,two,crassinervium,0,1,1,1,0,0
mogi,1,8,1419,four,miquelianum,0,1,1,0,0,0
mogi,1,8,1419,one,miquelianum,50,1,1,0,0,2
mogi,1,8,1419,three,miquelianum,0,1,1,0,0,0
mogi,1,8,1419,two,miquelianum,55,1,1,0,0,2
mogi,1,8,1425,four,miquelianum,0,1,1,0,0,0
mogi,1,8,1425,one,miquelianum,26.5,1,1,0,0,2
mogi,1,8,1425,three,miquelianum,16.6666666666667,1,1,0,0,1
mogi,1,8,1425,two,miquelianum,24,1,1,0,0,1
mogi,1,8,1436,four,miquelianum,0,1,1,0,0,0
mogi,1,8,1436,one,miquelianum,0,1,1,0,0,0
mogi,1,8,1436,three,miquelianum,0,1,1,0,0,0
mogi,1,8,1436,two,miquelianum,0,1,1,0,0,0
mogi,1,8,1446,four,miquelianum,0,1,1,0,0,0
mogi,1,8,1446,one,miquelianum,22.4,1,1,0,0,2
mogi,1,8,1446,three,miquelianum,40,1,1,0,0,1
mogi,1,8,1446,two,miquelianum,21.6,1,1,0,0,2
mogi,1,8,1451,four,miquelianum,0,1,1,0,0,0
mogi,1,8,1451,one,miquelianum,34,1,1,0,0,2
mogi,1,8,1451,three,miquelianum,23.75,1,1,0,0,1
mogi,1,8,1451,two,miquelianum,33.6,1,1,0,0,1
mogi,1,8,1453,one,miquelianum,6.375,1,1,0,0,2
mogi,1,8,1453,three,miquelianum,0.25,0,1,0,0,1
mogi,1,8,1453,two,miquelianum,0.25,1,1,0,0,1
mogi,1,8,1460,four,miquelianum,0,1,1,0,0,0
mogi,1,8,1460,one,miquelianum,36.6666666666667,1,1,0,0,1
mogi,1,8,1460,three,miquelianum,26.6666666666667,1,1,0,0,1
mogi,1,8,1460,two,miquelianum,0,1,1,0,0,0
mogi,1,8,1469,four,miquelianum,0,1,1,0,0,0
mogi,1,8,1469,one,miquelianum,46.375,1,1,0,0,1
mogi,1,8,1469,three,miquelianum,38,1,1,0,0,1
mogi,1,8,1469,two,miquelianum,44.1666666666667,1,1,0,0,1
mogi,1,8,1470,four,miquelianum,0,1,1,0,0,0
mogi,1,8,1470,one,miquelianum,34.7142857142857,1,1,0,0,2
mogi,1,8,1470,three,miquelianum,0.5,1,1,0,0,1
mogi,1,8,1470,two,miquelianum,0,1,1,0,0,0
mogi,1,8,1473,four,miquelianum,0,1,1,0,0,0
mogi,1,8,1473,one,miquelianum,50,1,1,0,0,2
mogi,1,8,1473,three,miquelianum,16.6666666666667,1,1,0,0,1
mogi,1,8,1473,two,miquelianum,54,1,1,0,0,1
mogi,1,8,2300,four,miquelianum,0,1,1,0,0,0
mogi,1,8,2300,one,miquelianum,30.5,1,1,0,0,2
mogi,1,8,2300,three,miquelianum,20.6666666666667,1,1,0,0,2
mogi,1,8,2300,two,miquelianum,40.5,1,1,0,0,2
mogi,1,9,1312,one,arboreum,0,0,1,1,0,0
mogi,1,9,1409,four,arboreum,0,1,1,1,0,0
mogi,1,9,1409,one,arboreum,0,1,1,1,0,0
mogi,1,9,1409,three,arboreum,1,1,1,1,0,0
mogi,1,9,1409,two,arboreum,1,1,1,1,0,1
mogi,1,9,1452,four,arboreum,0,1,1,1,0,0
mogi,1,9,1452,one,arboreum,4.66666666666667,1,1,1,0,0
mogi,1,9,1452,three,arboreum,3,1,1,1,0,2
mogi,1,9,1452,two,arboreum,2,1,1,1,0,1
mogi,1,9,1456,four,arboreum,0,1,1,1,0,0
mogi,1,9,1456,one,arboreum,1.66666666666667,1,1,1,0,1
mogi,1,9,1456,three,arboreum,0.75,1,1,1,0,0
mogi,1,9,1456,two,arboreum,3.5,1,1,1,0,2
mogi,1,9,1479,four,arboreum,0,1,1,1,0,0
mogi,1,9,1479,one,arboreum,3.5,1,1,1,0,1
mogi,1,9,1479,three,arboreum,1.16666666666667,1,1,1,0,1
mogi,1,9,1479,two,arboreum,18.4,1,1,1,0,1
mogi,1,9,1480,one,arboreum,6,1,1,1,0,0
mogi,1,9,1480,two,arboreum,0,0,1,1,0,0
mogi,1,9,1482,four,arboreum,0,1,1,1,0,0
mogi,1,9,1482,one,arboreum,3.5,1,1,1,0,2
mogi,1,9,1482,three,arboreum,3.25,1,1,1,0,1
mogi,1,9,1482,two,arboreum,19.5,1,1,1,0,2
mogi,1,9,1484,one,arboreum,0,1,1,1,0,0
mogi,1,9,1484,three,arboreum,0,0,1,1,0,0
mogi,1,9,1484,two,arboreum,3.71428571428571,1,1,1,0,2
mogi,1,9,1496,one,arboreum,3.5,0,1,1,0,2
mogi,1,9,1499,four,arboreum,0,1,1,1,0,0
mogi,1,9,1499,one,arboreum,0,1,1,1,0,0
mogi,1,9,1499,three,arboreum,0.333333333333333,1,1,1,0,1
mogi,1,9,1499,two,arboreum,2,1,1,1,0,1
mogi,1,9,2213,one,arboreum,2,0,1,1,0,1
mogi,2,1,1328,one,crassinervium,35,1,1,1,0,1
mogi,2,1,1328,three,crassinervium,5.5,0,1,1,0,2
mogi,2,1,1328,two,crassinervium,14,1,1,1,0,1
mogi,2,1,1347,four,crassinervium,0,1,1,1,0,0
mogi,2,1,1347,one,crassinervium,20,1,1,1,0,1
mogi,2,1,1347,three,crassinervium,10.6666666666667,1,1,1,0,2
mogi,2,1,1347,two,crassinervium,0,1,1,1,0,0
mogi,2,1,1354,one,crassinervium,23,1,1,1,0,2
mogi,2,1,1354,three,crassinervium,4,0,1,1,0,1
mogi,2,1,1354,two,crassinervium,52,1,1,1,0,2
mogi,2,1,1360,one,crassinervium,70,0,1,1,0,1
mogi,2,1,1372,four,crassinervium,0,1,1,1,0,0
mogi,2,1,1372,one,crassinervium,0,1,1,1,0,0
mogi,2,1,1372,three,crassinervium,1.5,1,1,1,0,1
mogi,2,1,1372,two,crassinervium,0,1,1,1,0,0
mogi,2,1,1379,one,crassinervium,10,0,1,1,0,1
mogi,2,10,1027,four,richardifolium,0,1,1,0,0,0
mogi,2,10,1027,one,richardifolium,0,1,1,0,0,0
mogi,2,10,1027,three,richardifolium,3,1,1,0,0,1
mogi,2,10,1027,two,richardifolium,0,1,1,0,0,0
mogi,2,10,1028,four,richardifolium,0,1,1,0,0,0
mogi,2,10,1028,one,richardifolium,7.33333333333333,1,1,0,0,2
mogi,2,10,1028,three,richardifolium,8,1,1,0,0,1
mogi,2,10,1028,two,richardifolium,6,1,1,0,0,1
mogi,2,10,1029,one,richardifolium,36.5,1,1,0,0,2
mogi,2,10,1029,three,richardifolium,55,0,1,0,0,1
mogi,2,10,1029,two,richardifolium,36.5,1,1,0,0,2
mogi,2,10,1030,four,richardifolium,0,1,1,0,0,0
mogi,2,10,1030,one,richardifolium,0,1,1,0,0,0
mogi,2,10,1030,three,richardifolium,5.33333333333333,1,1,0,0,1
mogi,2,10,1030,two,richardifolium,0,1,1,0,0,0
mogi,2,10,1037,four,richardifolium,0,1,1,0,0,0
mogi,2,10,1037,one,richardifolium,5,1,1,0,0,2
mogi,2,10,1037,three,richardifolium,10.5,1,1,0,0,2
mogi,2,10,1037,two,richardifolium,14,1,1,0,0,1
mogi,2,10,1038,four,richardifolium,0,1,1,0,0,0
mogi,2,10,1038,one,richardifolium,37.75,1,1,0,0,2
mogi,2,10,1038,three,richardifolium,25.25,1,1,0,0,1
mogi,2,10,1038,two,richardifolium,39.75,1,1,0,0,2
mogi,2,10,1045,four,richardifolium,0,1,1,0,0,0
mogi,2,10,1045,one,richardifolium,5.33333333333333,1,1,0,0,2
mogi,2,10,1045,three,richardifolium,30.6,1,1,0,0,1
mogi,2,10,1045,two,richardifolium,13.6666666666667,1,1,0,0,1
mogi,2,10,1046,four,richardifolium,0,1,1,0,0,0
mogi,2,10,1046,one,richardifolium,8,1,1,0,0,2
mogi,2,10,1046,three,richardifolium,6.6,1,1,0,0,1
mogi,2,10,1046,two,richardifolium,6,1,1,0,0,1
mogi,2,10,1047,four,richardifolium,0,1,1,0,0,0
mogi,2,10,1047,one,richardifolium,13.5,1,1,0,0,2
mogi,2,10,1047,three,richardifolium,15,1,1,0,0,2
mogi,2,10,1047,two,richardifolium,13,1,1,0,0,2
mogi,2,10,1053,one,richardifolium,29.5,0,1,0,0,2
mogi,2,10,1078,four,richardifolium,0,1,1,0,0,0
mogi,2,10,1078,one,richardifolium,0,1,1,0,0,0
mogi,2,10,1078,three,richardifolium,2,1,1,0,0,1
mogi,2,10,1078,two,richardifolium,8,1,1,0,0,1
mogi,2,11,1033,one,richardifolium,43.3333333333333,1,1,1,0,2
mogi,2,11,1033,three,richardifolium,0,0,1,1,0,0
mogi,2,11,1033,two,richardifolium,40,1,1,1,0,1
mogi,2,11,1035,one,richardifolium,3,0,1,1,0,1
mogi,2,11,1043,one,richardifolium,0,0,1,1,0,0
mogi,2,11,1061,one,richardifolium,0,0,1,1,0,0
mogi,2,11,1074,one,richardifolium,5,0,1,1,0,0
mogi,2,11,1212,one,richardifolium,0,0,1,1,0,0
mogi,2,11,1223,one,richardifolium,7,0,1,1,0,0
mogi,2,11,1229,one,richardifolium,0,0,1,1,0,0
mogi,2,12,1002,one,richardifolium,23.3333333333333,1,2,1,0,0
mogi,2,12,1002,three,richardifolium,8.33333333333333,0,2,1,0,1
mogi,2,12,1002,two,richardifolium,18.5,1,2,1,0,1
mogi,2,12,1017,four,richardifolium,0,1,2,1,0,0
mogi,2,12,1017,one,richardifolium,0,1,2,1,0,0
mogi,2,12,1017,three,richardifolium,0,1,2,1,0,0
mogi,2,12,1017,two,richardifolium,0,1,2,1,0,0
mogi,2,12,1026,one,miquelianum,0,1,2,1,0,0
mogi,2,12,1026,two,miquelianum,0,0,2,1,0,0
mogi,2,12,1041,one,miquelianum,7,1,2,1,0,2
mogi,2,12,1041,three,miquelianum,0,0,2,1,0,0
mogi,2,12,1041,two,miquelianum,4.66666666666667,1,2,1,0,1
mogi,2,12,1051,four,richardifolium,0,1,2,1,0,0
mogi,2,12,1051,one,richardifolium,12.5,1,2,1,0,1
mogi,2,12,1051,three,richardifolium,10.2857142857143,1,2,1,0,1
mogi,2,12,1051,two,richardifolium,12.5,1,2,1,0,1
mogi,2,12,1054,four,richardifolium,0,1,2,1,0,0
mogi,2,12,1054,one,richardifolium,12,1,2,1,0,2
mogi,2,12,1054,three,richardifolium,0.333333333333333,1,2,1,0,1
mogi,2,12,1054,two,richardifolium,0,1,2,1,0,0
mogi,2,12,1065,one,richardifolium,32,1,2,1,0,2
mogi,2,12,1065,three,richardifolium,2,0,2,1,0,1
mogi,2,12,1065,two,richardifolium,0,1,2,1,0,0
mogi,2,12,1070,four,richardifolium,0,1,2,1,0,0
mogi,2,12,1070,one,richardifolium,38.3333333333333,1,2,1,0,2
mogi,2,12,1070,three,richardifolium,9,1,2,1,0,2
mogi,2,12,1070,two,richardifolium,38,1,2,1,0,2
mogi,2,12,1084,one,miquelianum,0,1,2,1,0,0
mogi,2,12,1084,three,miquelianum,1,0,2,1,0,1
mogi,2,12,1084,two,miquelianum,0,1,2,1,0,0
mogi,2,12,1088,one,richardifolium,32.3333333333333,1,2,1,0,2
mogi,2,12,1088,three,richardifolium,8.66666666666667,0,2,1,0,2
mogi,2,12,1088,two,richardifolium,8.33333333333333,1,2,1,0,1
mogi,2,12,1099,one,richardifolium,3,1,2,1,0,1
mogi,2,12,1099,three,richardifolium,6.66666666666667,0,2,1,0,2
mogi,2,12,1099,two,richardifolium,6.33333333333333,1,2,1,0,1
mogi,2,2,1052,one,richardifolium,8,0,4,1,0,0
mogi,2,2,1062,four,miquelianum,0,1,4,1,0,0
mogi,2,2,1062,one,miquelianum,25,1,4,1,0,2
mogi,2,2,1062,three,miquelianum,3.8,1,4,1,0,2
mogi,2,2,1062,two,miquelianum,27,1,4,1,0,2
mogi,2,2,1075,four,miquelianum,0,1,4,1,0,0
mogi,2,2,1075,one,miquelianum,6,1,4,1,0,1
mogi,2,2,1075,three,miquelianum,0,1,4,1,0,0
mogi,2,2,1075,two,miquelianum,16,1,4,1,0,1
mogi,2,2,1080,four,crassinervium,0,1,4,1,0,0
mogi,2,2,1080,one,crassinervium,3,1,4,1,0,1
mogi,2,2,1080,three,crassinervium,0,1,4,1,0,0
mogi,2,2,1080,two,crassinervium,0,1,4,1,0,0
mogi,2,2,1082,one,richardifolium,1,1,4,1,0,2
mogi,2,2,1082,two,richardifolium,1.6,0,4,1,0,2
mogi,2,2,1335,one,arboreum,13.3333333333333,1,4,1,0,1
mogi,2,2,1335,three,arboreum,1,0,4,1,0,1
mogi,2,2,1335,two,arboreum,3.5,1,4,1,0,1
mogi,2,2,1340,four,miquelianum,0,1,4,1,0,0
mogi,2,2,1340,one,miquelianum,20,1,4,1,0,1
mogi,2,2,1340,three,miquelianum,0,1,4,1,0,0
mogi,2,2,1340,two,miquelianum,20.3333333333333,1,4,1,0,2
mogi,2,2,1357,four,richardifolium,0,1,4,1,0,0
mogi,2,2,1357,one,richardifolium,12,1,4,1,0,2
mogi,2,2,1357,three,richardifolium,0,1,4,1,0,0
mogi,2,2,1357,two,richardifolium,0.5,1,4,1,0,1
mogi,2,2,1383,four,arboreum,0,1,4,1,0,0
mogi,2,2,1383,one,arboreum,0,1,4,1,0,0
mogi,2,2,1383,three,arboreum,1,1,4,1,0,1
mogi,2,2,1383,two,arboreum,0,1,4,1,0,0
mogi,2,2,1384,one,crassinervium,6,1,4,1,0,2
mogi,2,2,1384,three,crassinervium,2,0,4,1,0,1
mogi,2,2,1384,two,crassinervium,2,1,4,1,0,1
mogi,2,2,1387,four,crassinervium,0,1,4,1,0,0
mogi,2,2,1387,one,crassinervium,0,1,4,1,0,0
mogi,2,2,1387,three,crassinervium,2.5,1,4,1,0,2
mogi,2,2,1387,two,crassinervium,2.25,1,4,1,0,1
mogi,2,2,1485,four,arboreum,0,1,4,1,0,0
mogi,2,2,1485,one,arboreum,0,1,4,1,0,0
mogi,2,2,1485,three,arboreum,3.71428571428571,1,4,1,0,2
mogi,2,2,1485,two,arboreum,0,1,4,1,0,0
mogi,2,3,1311,one,arboreum,0,1,1,1,0,0
mogi,2,3,1311,two,arboreum,0,0,1,1,0,0
mogi,2,3,1322,four,arboreum,0,1,1,1,0,0
mogi,2,3,1322,one,arboreum,0,1,1,1,0,0
mogi,2,3,1322,three,arboreum,1.2,1,1,1,0,1
mogi,2,3,1322,two,arboreum,0,1,1,1,0,0
mogi,2,3,1329,four,arboreum,0,1,1,1,0,0
mogi,2,3,1329,one,arboreum,4,1,1,1,0,0
mogi,2,3,1329,three,arboreum,1.66666666666667,1,1,1,0,2
mogi,2,3,1329,two,arboreum,2.8,1,1,1,0,0
mogi,2,3,1333,four,arboreum,0,1,1,1,0,0
mogi,2,3,1333,one,arboreum,0.833333333333333,1,1,1,0,1
mogi,2,3,1333,three,arboreum,0.75,1,1,1,0,1
mogi,2,3,1333,two,arboreum,0.25,1,1,1,0,1
mogi,2,3,1350,one,arboreum,0,1,1,1,0,0
mogi,2,3,1350,three,arboreum,2,0,1,1,0,1
mogi,2,3,1350,two,arboreum,1,1,1,1,0,1
mogi,2,3,1353,one,arboreum,0,0,1,1,0,0
mogi,2,3,1363,four,arboreum,0,1,1,1,0,0
mogi,2,3,1363,one,arboreum,9.5,1,1,1,0,2
mogi,2,3,1363,three,arboreum,2,1,1,1,0,1
mogi,2,3,1363,two,arboreum,11.25,1,1,1,0,1
mogi,2,3,1373,four,arboreum,0,1,1,1,0,0
mogi,2,3,1373,one,arboreum,9,1,1,1,0,2
mogi,2,3,1373,three,arboreum,14.5,1,1,1,0,1
mogi,2,3,1373,two,arboreum,0.5,1,1,1,0,1
mogi,2,3,1376,four,arboreum,0,1,1,1,0,0
mogi,2,3,1376,one,arboreum,0,1,1,1,0,0
mogi,2,3,1376,three,arboreum,2.125,1,1,1,0,2
mogi,2,3,1376,two,arboreum,0.75,1,1,1,0,1
mogi,2,3,1487,four,arboreum,0,1,1,1,0,0
mogi,2,3,1487,one,arboreum,0,1,1,1,0,0
mogi,2,3,1487,three,arboreum,0.5,1,1,1,0,1
mogi,2,3,1487,two,arboreum,1.33333333333333,1,1,1,0,0
mogi,2,3,1490,four,arboreum,0.25,1,1,1,0,1
mogi,2,3,1490,one,arboreum,0,1,1,1,0,0
mogi,2,3,1490,three,arboreum,1.16666666666667,1,1,1,0,2
mogi,2,3,1490,two,arboreum,0,1,1,1,0,0
mogi,2,3,1491,four,arboreum,0,1,1,1,0,0
mogi,2,3,1491,one,arboreum,1.66666666666667,1,1,1,0,1
mogi,2,3,1491,three,arboreum,0,1,1,1,0,0
mogi,2,3,1491,two,arboreum,6.25,1,1,1,0,0
mogi,2,4,1342,one,crassinervium,8,1,1,0,0,1
mogi,2,4,1342,three,crassinervium,6,0,1,0,0,1
mogi,2,4,1342,two,crassinervium,15,1,1,0,0,1
mogi,2,4,1348,one,crassinervium,6,0,1,0,0,1
mogi,2,4,1365,one,crassinervium,0,1,1,0,0,0
mogi,2,4,1365,three,crassinervium,27.5,0,1,0,0,2
mogi,2,4,1365,two,crassinervium,25,1,1,0,0,1
mogi,2,4,1486,one,crassinervium,4,0,1,0,0,2
mogi,2,4,2270,one,crassinervium,25,1,1,0,0,1
mogi,2,4,2270,three,crassinervium,2,0,1,0,0,1
mogi,2,4,2270,two,crassinervium,1,1,1,0,0,1
mogi,2,5,1326,one,richardifolium,9,0,2,0,0,1
mogi,2,5,1359,one,miquelianum,61.5,0,2,0,0,2
mogi,2,5,1364,four,miquelianum,0,1,2,0,0,0
mogi,2,5,1364,one,miquelianum,50.5,1,2,0,0,2
mogi,2,5,1364,three,miquelianum,47.5,1,2,0,0,1
mogi,2,5,1364,two,miquelianum,52,1,2,0,0,2
mogi,2,5,1368,four,miquelianum,0,1,2,0,0,0
mogi,2,5,1368,one,miquelianum,1,1,2,0,0,1
mogi,2,5,1368,three,miquelianum,0.5,1,2,0,0,1
mogi,2,5,1368,two,miquelianum,0,1,2,0,0,0
mogi,2,5,1481,one,richardifolium,15,1,2,0,0,1
mogi,2,5,1481,three,richardifolium,21,0,2,0,0,1
mogi,2,5,1481,two,richardifolium,0,1,2,0,0,0
mogi,2,5,1495,four,miquelianum,0,1,2,0,0,0
mogi,2,5,1495,one,miquelianum,17.6666666666667,1,2,0,0,2
mogi,2,5,1495,three,miquelianum,0,1,2,0,0,0
mogi,2,5,1495,two,miquelianum,21.6666666666667,1,2,0,0,2
mogi,2,5,1497,four,miquelianum,0,1,2,0,0,0
mogi,2,5,1497,one,miquelianum,25,1,2,0,0,2
mogi,2,5,1497,three,miquelianum,12.5,1,2,0,0,1
mogi,2,5,1497,two,miquelianum,35,1,2,0,0,1
mogi,2,6,1013,four,miquelianum,0,1,1,1,0,0
mogi,2,6,1013,one,miquelianum,26,1,1,1,0,2
mogi,2,6,1013,three,miquelianum,6.5,1,1,1,0,2
mogi,2,6,1013,two,miquelianum,21.6666666666667,1,1,1,0,1
mogi,2,6,1056,one,miquelianum,1.5,0,1,1,0,1
mogi,2,6,1097,one,miquelianum,0,1,1,1,0,0
mogi,2,6,1097,three,miquelianum,5.25,0,1,1,0,2
mogi,2,6,1097,two,miquelianum,12.1428571428571,1,1,1,0,1
mogi,2,6,1309,four,miquelianum,0,1,1,1,0,0
mogi,2,6,1309,one,miquelianum,0,1,1,1,0,0
mogi,2,6,1309,three,miquelianum,0,1,1,1,0,0
mogi,2,6,1309,two,miquelianum,0,1,1,1,0,0
mogi,2,6,1341,four,miquelianum,0,1,1,1,0,0
mogi,2,6,1341,one,miquelianum,0,1,1,1,0,0
mogi,2,6,1341,three,miquelianum,0,1,1,1,0,0
mogi,2,6,1341,two,miquelianum,0,1,1,1,0,0
mogi,2,6,1358,four,miquelianum,0,1,1,1,0,0
mogi,2,6,1358,one,miquelianum,25,1,1,1,0,1
mogi,2,6,1358,three,miquelianum,17,1,1,1,0,1
mogi,2,6,1358,two,miquelianum,27,1,1,1,0,1
mogi,2,6,1361,one,miquelianum,55,0,1,1,0,1
mogi,2,6,1378,four,miquelianum,0,1,1,1,0,0
mogi,2,6,1378,one,miquelianum,2.5,1,1,1,0,1
mogi,2,6,1378,three,miquelianum,2.5,1,1,1,0,1
mogi,2,6,1378,two,miquelianum,4,1,1,1,0,1
mogi,2,6,1397,one,miquelianum,11.2222222222222,1,1,1,0,2
mogi,2,6,1397,three,miquelianum,17.6666666666667,0,1,1,0,3
mogi,2,6,1397,two,miquelianum,20,1,1,1,0,1
mogi,2,6,1493,four,miquelianum,0,1,1,1,0,0
mogi,2,6,1493,one,miquelianum,26.5,1,1,1,0,2
mogi,2,6,1493,three,miquelianum,0.666666666666667,1,1,1,0,1
mogi,2,6,1493,two,miquelianum,0,1,1,1,0,0
mogi,2,7,1336,one,miquelianum,0,1,4,0,0,0
mogi,2,7,1336,three,miquelianum,4,0,4,0,0,1
mogi,2,7,1336,two,miquelianum,13,1,4,0,0,1
mogi,2,7,1337,four,arboreum,0,1,4,0,0,0
mogi,2,7,1337,one,arboreum,0.75,1,4,0,0,2
mogi,2,7,1337,three,arboreum,14.3333333333333,1,4,0,0,1
mogi,2,7,1337,two,arboreum,5.75,1,4,0,0,1
mogi,2,7,1343,one,miquelianum,31.25,1,4,0,0,2
mogi,2,7,1343,three,miquelianum,20,0,4,0,0,1
mogi,2,7,1343,two,miquelianum,33.75,1,4,0,0,1
mogi,2,7,1355,four,arboreum,0,1,4,0,0,0
mogi,2,7,1355,one,arboreum,2.69230769230769,1,4,0,0,2
mogi,2,7,1355,three,arboreum,6,1,4,0,0,2
mogi,2,7,1355,two,arboreum,3.92857142857143,1,4,0,0,2
mogi,2,7,1356,four,arboreum,0,1,4,0,0,0
mogi,2,7,1356,one,arboreum,3.33333333333333,1,4,0,0,1
mogi,2,7,1356,three,arboreum,0,1,4,0,0,0
mogi,2,7,1356,two,arboreum,4,1,4,0,0,1
mogi,2,7,1370,four,miquelianum,0,1,4,0,0,0
mogi,2,7,1370,one,miquelianum,57,1,4,0,0,2
mogi,2,7,1370,three,miquelianum,44.8333333333333,1,4,0,0,1
mogi,2,7,1370,two,miquelianum,60,1,4,0,0,1
mogi,2,7,1371,one,richardifolium,2,0,4,0,0,1
mogi,2,7,1377,four,arboreum,0,1,4,0,0,0
mogi,2,7,1377,one,arboreum,5.16666666666667,1,4,0,0,2
mogi,2,7,1377,three,arboreum,9.54545454545455,1,4,0,0,1
mogi,2,7,1377,two,arboreum,10,1,4,0,0,1
mogi,2,7,1391,one,crassinervium,46.75,1,4,0,0,2
mogi,2,7,1391,two,crassinervium,0,0,4,0,0,0
mogi,2,7,1488,one,crassinervium,34,1,4,0,0,1
mogi,2,7,1488,three,crassinervium,30.25,0,4,0,0,2
mogi,2,7,1488,two,crassinervium,32.5,1,4,0,0,1
mogi,2,8,1003,four,arboreum,0,1,1,0,0,0
mogi,2,8,1003,one,arboreum,0.714285714285714,1,1,0,0,1
mogi,2,8,1003,three,arboreum,6.18181818181818,1,1,0,0,2
mogi,2,8,1003,two,arboreum,0.714285714285714,1,1,0,0,1
mogi,2,8,1006,four,arboreum,0,1,1,0,0,0
mogi,2,8,1006,one,arboreum,2.66666666666667,1,1,0,0,1
mogi,2,8,1006,three,arboreum,4.77777777777778,1,1,0,0,2
mogi,2,8,1006,two,arboreum,3.83333333333333,1,1,0,0,1
mogi,2,8,1009,one,arboreum,29,1,1,0,0,1
mogi,2,8,1009,three,arboreum,6,0,1,0,0,2
mogi,2,8,1009,two,arboreum,2,1,1,0,0,1
mogi,2,8,1019,four,arboreum,0,1,1,0,0,0
mogi,2,8,1019,one,arboreum,1,1,1,0,0,1
mogi,2,8,1019,three,arboreum,0,1,1,0,0,0
mogi,2,8,1019,two,arboreum,1,1,1,0,0,1
mogi,2,8,1020,four,arboreum,0,1,1,0,0,0
mogi,2,8,1020,one,arboreum,4,1,1,0,0,2
mogi,2,8,1020,three,arboreum,7,1,1,0,0,2
mogi,2,8,1020,two,arboreum,6.5,1,1,0,0,0
mogi,2,8,1025,one,arboreum,0,1,1,0,0,0
mogi,2,8,1025,three,arboreum,13.5,0,1,0,0,1
mogi,2,8,1025,two,arboreum,0,1,1,0,0,0
mogi,2,8,1076,one,arboreum,2,0,1,0,0,1
mogi,2,8,1086,four,arboreum,0,1,1,0,0,0
mogi,2,8,1086,one,arboreum,3.6,1,1,0,0,2
mogi,2,8,1086,three,arboreum,6.125,1,1,0,0,2
mogi,2,8,1086,two,arboreum,13.6,1,1,0,0,2
mogi,2,8,1091,four,arboreum,0,1,1,0,0,0
mogi,2,8,1091,one,arboreum,20,1,1,0,0,1
mogi,2,8,1091,three,arboreum,11.6666666666667,1,1,0,0,1
mogi,2,8,1091,two,arboreum,16.6666666666667,1,1,0,0,2
mogi,2,8,1382,four,arboreum,0,1,1,0,0,0
mogi,2,8,1382,one,arboreum,7.125,1,1,0,0,2
mogi,2,8,1382,three,arboreum,4.36363636363636,1,1,0,0,2
mogi,2,8,1382,two,arboreum,3.42857142857143,1,1,0,0,2
mogi,2,8,2257,four,arboreum,0,1,1,0,0,0
mogi,2,8,2257,one,arboreum,6.5,1,1,0,0,1
mogi,2,8,2257,three,arboreum,0,1,1,0,0,0
mogi,2,8,2257,two,arboreum,5,1,1,0,0,1
mogi,2,9,1050,one,miquelianum,0,0,1,0,0,0
mogi,2,9,1055,four,miquelianum,0,1,1,0,0,0
mogi,2,9,1055,one,miquelianum,1.33333333333333,1,1,0,0,1
mogi,2,9,1055,three,miquelianum,6.25,1,1,0,0,1
mogi,2,9,1055,two,miquelianum,10,1,1,0,0,1
mogi,2,9,1093,four,miquelianum,0,1,1,0,0,0
mogi,2,9,1093,one,miquelianum,12.75,1,1,0,0,2
mogi,2,9,1093,three,miquelianum,30.25,1,1,0,0,2
mogi,2,9,1093,two,miquelianum,13,1,1,0,0,2
mogi,2,9,1098,one,miquelianum,0,1,1,0,0,0
mogi,2,9,1098,three,miquelianum,9.28571428571429,0,1,0,0,1
mogi,2,9,1098,two,miquelianum,22.2,1,1,0,0,2
mogi,2,9,1386,four,miquelianum,0,1,1,0,0,0
mogi,2,9,1386,one,miquelianum,48.3333333333333,1,1,0,0,2
mogi,2,9,1386,three,miquelianum,21.6666666666667,1,1,0,0,1
mogi,2,9,1386,two,miquelianum,45,1,1,0,0,2
mogi,2,9,1388,four,miquelianum,0,1,1,0,0,0
mogi,2,9,1388,one,miquelianum,25.375,1,1,0,0,2
mogi,2,9,1388,three,miquelianum,0.5,1,1,0,0,1
mogi,2,9,1388,two,miquelianum,0.5,1,1,0,0,1
mogi,2,9,1393,one,miquelianum,0,1,1,0,0,0
mogi,2,9,1393,two,miquelianum,16.6666666666667,0,1,0,0,1
mogi,2,9,1394,one,miquelianum,60,1,1,0,0,2
mogi,2,9,1394,two,miquelianum,70,0,1,0,0,1
mogi,2,9,1396,one,miquelianum,0,1,1,0,0,0
mogi,2,9,1396,three,miquelianum,0,0,1,0,0,0
mogi,2,9,1396,two,miquelianum,0,1,1,0,0,0
mogi,3,1,1206,one,crassinervium,60,1,1,1,0,2
mogi,3,1,1206,three,crassinervium,0,0,1,1,0,0
mogi,3,1,1206,two,crassinervium,80,1,1,1,0,0
mogi,3,1,1210,one,crassinervium,60,1,1,1,0,1
mogi,3,1,1210,three,crassinervium,10,0,1,1,0,1
mogi,3,1,1210,two,crassinervium,70,1,1,1,0,1
mogi,3,1,1211,one,crassinervium,3,1,1,1,0,1
mogi,3,1,1211,three,crassinervium,6,0,1,1,0,2
mogi,3,1,1211,two,crassinervium,2,1,1,1,0,1
mogi,3,1,1232,one,crassinervium,16,0,1,1,0,2
mogi,3,1,1235,one,crassinervium,7,1,1,1,0,1
mogi,3,1,1235,two,crassinervium,54,0,1,1,0,1
mogi,3,1,1242,one,crassinervium,0,1,1,1,0,0
mogi,3,1,1242,three,crassinervium,47.3333333333333,0,1,1,0,2
mogi,3,1,1242,two,crassinervium,0,1,1,1,0,0
mogi,3,1,1245,one,crassinervium,25,0,1,1,0,1
mogi,3,1,1276,one,crassinervium,31.5,0,1,1,0,2
mogi,3,1,2228,one,crassinervium,22,0,1,1,0,1
mogi,3,10,2219,four,richardifolium,5.25,1,1,0,0,1
mogi,3,10,2219,one,richardifolium,9.33333333333333,1,1,0,0,1
mogi,3,10,2219,three,richardifolium,5.66666666666667,1,1,0,0,1
mogi,3,10,2219,two,richardifolium,0,1,1,0,0,0
mogi,3,10,2249,four,richardifolium,6,1,1,0,0,1
mogi,3,10,2249,one,richardifolium,0,1,1,0,0,0
mogi,3,10,2249,three,richardifolium,15.5,1,1,0,0,1
mogi,3,10,2249,two,richardifolium,8,1,1,0,0,1
mogi,3,10,2259,one,richardifolium,2,0,1,0,0,1
mogi,3,10,2267,one,richardifolium,0,0,1,0,0,0
mogi,3,10,2288,four,richardifolium,30,0,1,0,0,1
mogi,3,10,2288,one,richardifolium,7.33333333333333,1,1,0,0,2
mogi,3,10,2288,three,richardifolium,77.5,1,1,0,0,1
mogi,3,10,2288,two,richardifolium,17.6666666666667,1,1,0,0,1
mogi,3,11,1001,four,arboreum,0.75,1,2,1,0,1
mogi,3,11,1001,one,arboreum,0,1,2,1,0,0
mogi,3,11,1001,three,arboreum,1.33333333333333,1,2,1,0,0
mogi,3,11,1001,two,arboreum,3.33333333333333,1,2,1,0,0
mogi,3,11,1012,one,arboreum,0,0,2,1,0,0
mogi,3,11,1072,four,arboreum,1,1,2,1,0,1
mogi,3,11,1072,one,arboreum,0.666666666666667,1,2,1,0,1
mogi,3,11,1072,three,arboreum,3.5,1,2,1,0,1
mogi,3,11,1072,two,arboreum,1,1,2,1,0,1
mogi,3,11,1228,four,arboreum,2.63636363636364,0,2,1,0,2
mogi,3,11,1228,one,arboreum,1.8,1,2,1,0,2
mogi,3,11,1228,three,arboreum,3.28571428571429,1,2,1,0,2
mogi,3,11,1228,two,arboreum,1.4,1,2,1,0,2
mogi,3,11,1262,one,arboreum,5.33333333333333,1,2,1,0,1
mogi,3,11,1262,two,arboreum,4.5,0,2,1,0,1
mogi,3,11,1272,one,arboreum,1.5,0,2,1,0,1
mogi,3,11,1399,four,arboreum,0.5,1,2,1,0,0
mogi,3,11,1399,one,arboreum,0,1,2,1,0,0
mogi,3,11,1399,three,arboreum,1,1,2,1,0,0
mogi,3,11,1399,two,arboreum,0.5,1,2,1,0,1
mogi,3,11,2214,four,richardifolium,9.75,1,2,1,0,2
mogi,3,11,2214,one,richardifolium,9.5,1,2,1,0,2
mogi,3,11,2214,three,richardifolium,14,1,2,1,0,2
mogi,3,11,2214,two,richardifolium,17,1,2,1,0,1
mogi,3,11,2239,four,richardifolium,4,0,2,1,0,1
mogi,3,11,2239,one,richardifolium,38,1,2,1,0,1
mogi,3,11,2239,three,richardifolium,6,1,2,1,0,0
mogi,3,11,2239,two,richardifolium,0,1,2,1,0,0
mogi,3,11,2294,one,richardifolium,2,0,2,1,0,1
mogi,3,12,1214,four,richardifolium,11,0,1,1,0,3
mogi,3,12,1214,one,richardifolium,44,1,1,1,0,2
mogi,3,12,1214,three,richardifolium,20,1,1,1,0,1
mogi,3,12,1214,two,richardifolium,43.5,1,1,1,0,1
mogi,3,12,1236,one,richardifolium,21,0,1,1,0,0
mogi,3,12,1265,four,richardifolium,0,1,1,1,0,0
mogi,3,12,1265,one,richardifolium,26.5,1,1,1,0,3
mogi,3,12,1265,three,richardifolium,32.5,1,1,1,0,1
mogi,3,12,1265,two,richardifolium,0,1,1,1,0,0
mogi,3,12,1286,one,richardifolium,0,0,1,1,0,0
mogi,3,12,2221,four,richardifolium,10.8333333333333,1,1,1,0,2
mogi,3,12,2221,one,richardifolium,22.5,1,1,1,0,2
mogi,3,12,2221,three,richardifolium,16.6666666666667,1,1,1,0,1
mogi,3,12,2221,two,richardifolium,25,1,1,1,0,1
mogi,3,12,2283,four,richardifolium,8,1,1,1,0,1
mogi,3,12,2283,one,richardifolium,40.6666666666667,1,1,1,0,1
mogi,3,12,2283,three,richardifolium,0,1,1,1,0,0
mogi,3,12,2283,two,richardifolium,59,1,1,1,0,1
mogi,3,12,2299,four,richardifolium,4,1,1,1,0,1
mogi,3,12,2299,one,richardifolium,28,1,1,1,0,2
mogi,3,12,2299,three,richardifolium,6,1,1,1,0,1
mogi,3,12,2299,two,richardifolium,4.5,1,1,1,0,1
mogi,3,2,1208,four,miquelianum,0,1,4,1,0,0
mogi,3,2,1208,one,miquelianum,18,1,4,1,0,2
mogi,3,2,1208,three,miquelianum,4.66666666666667,1,4,1,0,1
mogi,3,2,1208,two,miquelianum,8,1,4,1,0,1
mogi,3,2,1234,one,arboreum,3.5,0,4,1,0,1
mogi,3,2,1240,one,miquelianum,27.8,0,4,1,0,3
mogi,3,2,1295,four,arboreum,0,1,4,1,0,0
mogi,3,2,1295,one,arboreum,13.125,1,4,1,0,3
mogi,3,2,1295,three,arboreum,5.33333333333333,1,4,1,0,2
mogi,3,2,1295,two,arboreum,8.375,1,4,1,0,1
mogi,3,2,2203,four,miquelianum,0,1,4,1,0,0
mogi,3,2,2203,one,miquelianum,17.6666666666667,1,4,1,0,2
mogi,3,2,2203,three,miquelianum,0,1,4,1,0,0
mogi,3,2,2203,two,miquelianum,17.6666666666667,1,4,1,0,2
mogi,3,2,2224,one,richardifolium,2,0,4,1,0,1
mogi,3,2,2243,four,crassinervium,0,1,4,1,0,0
mogi,3,2,2243,one,crassinervium,2,1,4,1,0,2
mogi,3,2,2243,three,crassinervium,4.25,1,4,1,0,1
mogi,3,2,2243,two,crassinervium,1.5,1,4,1,0,1
mogi,3,2,2265,one,arboreum,1.75,0,4,1,0,2
mogi,3,2,2276,one,richardifolium,14,0,4,1,0,2
mogi,3,2,2292,one,richardifolium,8,0,4,1,0,2
mogi,3,3,1217,four,miquelianum,0,1,1,0,0,0
mogi,3,3,1217,one,miquelianum,65,1,1,0,0,1
mogi,3,3,1217,three,miquelianum,32,1,1,0,0,1
mogi,3,3,1217,two,miquelianum,80,1,1,0,0,1
mogi,3,3,1222,one,miquelianum,0,0,1,0,0,0
mogi,3,3,1226,four,miquelianum,0,1,1,0,0,0
mogi,3,3,1226,one,miquelianum,0,1,1,0,0,0
mogi,3,3,1226,three,miquelianum,0,1,1,0,0,0
mogi,3,3,1226,two,miquelianum,0,1,1,0,0,0
mogi,3,3,1231,one,miquelianum,23.6666666666667,1,1,0,0,2
mogi,3,3,1231,two,miquelianum,6,0,1,0,0,1
mogi,3,3,1253,four,miquelianum,0,1,1,0,0,0
mogi,3,3,1253,one,miquelianum,6,1,1,0,0,1
mogi,3,3,1253,three,miquelianum,23,1,1,0,0,2
mogi,3,3,1253,two,miquelianum,12,1,1,0,0,1
mogi,3,3,1255,four,miquelianum,0,1,1,0,0,0
mogi,3,3,1255,one,miquelianum,39.4,1,1,0,0,2
mogi,3,3,1255,three,miquelianum,2.66666666666667,1,1,0,0,1
mogi,3,3,1255,two,miquelianum,33,1,1,0,0,2
mogi,3,3,1256,one,miquelianum,60,1,1,0,0,2
mogi,3,3,1256,three,miquelianum,56,0,1,0,0,1
mogi,3,3,1256,two,miquelianum,60,1,1,0,0,1
mogi,3,3,1267,one,miquelianum,30,0,1,0,0,2
mogi,3,3,1270,one,miquelianum,30,1,1,0,0,2
mogi,3,3,1270,three,miquelianum,23.6666666666667,0,1,0,0,2
mogi,3,3,1270,two,miquelianum,31.5,1,1,0,0,2
mogi,3,3,2204,one,miquelianum,4.75,0,1,0,0,2
mogi,3,4,1067,four,arboreum,0,1,1,0,0,0
mogi,3,4,1067,one,arboreum,2,1,1,0,0,1
mogi,3,4,1067,three,arboreum,15.2,1,1,0,0,1
mogi,3,4,1067,two,arboreum,9,1,1,0,0,0
mogi,3,4,1092,one,arboreum,7.25,0,1,0,0,1
mogi,3,4,1227,one,arboreum,6.66666666666667,0,1,0,0,1
mogi,3,4,1233,four,arboreum,0,1,1,0,0,0
mogi,3,4,1233,one,arboreum,0,1,1,0,0,0
mogi,3,4,1233,three,arboreum,1.66666666666667,1,1,0,0,0
mogi,3,4,1233,two,arboreum,0.75,1,1,0,0,1
mogi,3,4,1237,one,arboreum,2,1,1,0,0,1
mogi,3,4,1237,two,arboreum,14,0,1,0,0,1
mogi,3,4,1261,four,arboreum,0,1,1,0,0,0
mogi,3,4,1261,one,arboreum,3,1,1,0,0,1
mogi,3,4,1261,three,arboreum,10,1,1,0,0,1
mogi,3,4,1261,two,arboreum,6,1,1,0,0,0
mogi,3,4,1271,four,arboreum,0,1,1,0,0,0
mogi,3,4,1271,one,arboreum,7.33333333333333,1,1,0,0,1
mogi,3,4,1271,three,arboreum,2,1,1,0,0,0
mogi,3,4,1271,two,arboreum,1,1,1,0,0,1
mogi,3,4,1273,four,arboreum,0,1,1,0,0,0
mogi,3,4,1273,one,arboreum,0,1,1,0,0,0
mogi,3,4,1273,three,arboreum,3.5,1,1,0,0,2
mogi,3,4,1273,two,arboreum,1,1,1,0,0,1
mogi,3,4,1277,four,arboreum,0,1,1,0,0,0
mogi,3,4,1277,one,arboreum,35.2,1,1,0,0,1
mogi,3,4,1277,three,arboreum,14,1,1,0,0,2
mogi,3,4,1277,two,arboreum,32,1,1,0,0,2
mogi,3,4,1282,one,arboreum,18,1,1,0,0,1
mogi,3,4,1282,three,arboreum,17.5,0,1,0,0,1
mogi,3,4,1282,two,arboreum,7.33333333333333,1,1,0,0,0
mogi,3,5,1238,one,miquelianum,47.8,1,1,1,0,2
mogi,3,5,1238,three,miquelianum,25.2,0,1,1,0,2
mogi,3,5,1238,two,miquelianum,30.1666666666667,1,1,1,0,2
mogi,3,5,1283,four,miquelianum,0,1,1,1,0,0
mogi,3,5,1283,one,miquelianum,26.5,1,1,1,0,3
mogi,3,5,1283,three,miquelianum,20,1,1,1,0,1
mogi,3,5,1283,two,miquelianum,0.5,1,1,1,0,1
mogi,3,5,1288,one,miquelianum,0,1,1,1,0,0
mogi,3,5,1288,three,miquelianum,9,0,1,1,0,1
mogi,3,5,1288,two,miquelianum,0,1,1,1,0,0
mogi,3,5,1297,four,miquelianum,0,1,1,1,0,0
mogi,3,5,1297,one,miquelianum,0,1,1,1,0,0
mogi,3,5,1297,three,miquelianum,0,1,1,1,0,0
mogi,3,5,1297,two,miquelianum,0.75,1,1,1,0,1
mogi,3,5,1298,four,miquelianum,0,1,1,1,0,0
mogi,3,5,1298,one,miquelianum,24,1,1,1,0,2
mogi,3,5,1298,three,miquelianum,0,1,1,1,0,0
mogi,3,5,1298,two,miquelianum,0,1,1,1,0,0
mogi,3,5,2240,four,miquelianum,0,1,1,1,0,0
mogi,3,5,2240,one,miquelianum,32.5,1,1,1,0,2
mogi,3,5,2240,three,miquelianum,0.5,1,1,1,0,1
mogi,3,5,2240,two,miquelianum,29.5,1,1,1,0,2
mogi,3,5,2242,four,miquelianum,0,1,1,1,0,0
mogi,3,5,2242,one,miquelianum,82.5,1,1,1,0,3
mogi,3,5,2242,three,miquelianum,0,1,1,1,0,0
mogi,3,5,2242,two,miquelianum,85,1,1,1,0,1
mogi,3,5,2255,four,miquelianum,0,1,1,1,0,0
mogi,3,5,2255,one,miquelianum,48.3333333333333,1,1,1,0,2
mogi,3,5,2255,three,miquelianum,33.3333333333333,1,1,1,0,2
mogi,3,5,2255,two,miquelianum,0,1,1,1,0,0
mogi,3,5,2290,four,miquelianum,0,1,1,1,0,0
mogi,3,5,2290,one,miquelianum,0,1,1,1,0,0
mogi,3,5,2290,three,miquelianum,0,1,1,1,0,0
mogi,3,5,2290,two,miquelianum,0,1,1,1,0,0
mogi,3,5,2295,four,miquelianum,0,1,1,1,0,0
mogi,3,5,2295,one,miquelianum,0,1,1,1,0,0
mogi,3,5,2295,three,miquelianum,0,1,1,1,0,0
mogi,3,5,2295,two,miquelianum,0,1,1,1,0,0
mogi,3,6,1205,four,arboreum,0,1,2,0,0,0
mogi,3,6,1205,one,arboreum,6.75,1,2,0,0,2
mogi,3,6,1205,three,arboreum,6.2,1,2,0,0,2
mogi,3,6,1205,two,arboreum,2.33333333333333,1,2,0,0,1
mogi,3,6,1209,four,arboreum,0,1,2,0,0,0
mogi,3,6,1209,one,arboreum,1.4,1,2,0,0,2
mogi,3,6,1209,three,arboreum,5,1,2,0,0,1
mogi,3,6,1209,two,arboreum,7.25,1,2,0,0,1
mogi,3,6,1230,one,richardifolium,8,1,2,0,0,1
mogi,3,6,1230,three,richardifolium,7.5,0,2,0,0,1
mogi,3,6,1230,two,richardifolium,12,1,2,0,0,1
mogi,3,6,1243,one,richardifolium,22.6666666666667,1,2,0,0,2
mogi,3,6,1243,two,richardifolium,28.5,0,2,0,0,1
mogi,3,6,1252,four,arboreum,0,1,2,0,0,0
mogi,3,6,1252,one,arboreum,6.33333333333333,1,2,0,0,1
mogi,3,6,1252,three,arboreum,0.5,1,2,0,0,0
mogi,3,6,1252,two,arboreum,7,1,2,0,0,2
mogi,3,6,1263,four,arboreum,0,1,2,0,0,0
mogi,3,6,1263,one,arboreum,2,1,2,0,0,1
mogi,3,6,1263,three,arboreum,2.66666666666667,1,2,0,0,1
mogi,3,6,1263,two,arboreum,3,1,2,0,0,1
mogi,3,6,1279,four,arboreum,0,1,2,0,0,0
mogi,3,6,1279,one,arboreum,28.3333333333333,1,2,0,0,1
mogi,3,6,1279,three,arboreum,1,1,2,0,0,1
mogi,3,6,1279,two,arboreum,0,1,2,0,0,0
mogi,3,7,1203,one,crassinervium,63.6666666666667,1,1,0,0,3
mogi,3,7,1203,three,crassinervium,8,0,1,0,0,2
mogi,3,7,1203,two,crassinervium,81.5,1,1,0,0,2
mogi,3,7,1239,one,crassinervium,0,1,1,0,0,0
mogi,3,7,1239,two,crassinervium,0,0,1,0,0,0
mogi,3,7,1254,one,crassinervium,1.5,1,1,0,0,1
mogi,3,7,1254,three,crassinervium,0,0,1,0,0,0
mogi,3,7,1254,two,crassinervium,11,1,1,0,0,2
mogi,3,7,1264,one,crassinervium,75,0,1,0,0,1
mogi,3,7,1274,four,crassinervium,0,1,1,0,0,0
mogi,3,7,1274,one,crassinervium,12.8,1,1,0,0,2
mogi,3,7,1274,three,crassinervium,4.75,1,1,0,0,2
mogi,3,7,1274,two,crassinervium,14,1,1,0,0,2
mogi,3,7,1280,one,crassinervium,5,0,1,0,0,1
mogi,3,8,1004,one,arboreum,0.5,1,1,1,0,1
mogi,3,8,1004,two,arboreum,0,0,1,1,0,0
mogi,3,8,1039,four,arboreum,0,1,1,1,0,0
mogi,3,8,1039,one,arboreum,0,1,1,1,0,0
mogi,3,8,1039,three,arboreum,1.5,1,1,1,0,1
mogi,3,8,1039,two,arboreum,3,1,1,1,0,0
mogi,3,8,1049,four,arboreum,0,1,1,1,0,0
mogi,3,8,1049,one,arboreum,10,1,1,1,0,1
mogi,3,8,1049,three,arboreum,21,1,1,1,0,1
mogi,3,8,1049,two,arboreum,9.5,1,1,1,0,2
mogi,3,8,1081,one,arboreum,0.666666666666667,0,1,1,0,1
mogi,3,8,1094,one,arboreum,26,0,1,1,0,2
mogi,3,8,1095,one,arboreum,0,1,1,1,0,0
mogi,3,8,1095,two,arboreum,3,0,1,1,0,1
mogi,3,8,1395,four,arboreum,0,1,1,1,0,0
mogi,3,8,1395,one,arboreum,0,1,1,1,0,0
mogi,3,8,1395,three,arboreum,0,1,1,1,0,0
mogi,3,8,1395,two,arboreum,0,1,1,1,0,0
mogi,3,8,1398,one,arboreum,22.8,0,1,1,0,2
mogi,3,8,1400,four,arboreum,0,1,1,1,0,0
mogi,3,8,1400,one,arboreum,0.333333333333333,1,1,1,0,1
mogi,3,8,1400,three,arboreum,0.666666666666667,1,1,1,0,1
mogi,3,8,1400,two,arboreum,3.2,1,1,1,0,0
mogi,3,8,2237,one,arboreum,2,0,1,1,0,2
mogi,3,9,1201,four,crassinervium,26.5454545454545,1,4,0,0,1
mogi,3,9,1201,one,crassinervium,6.75,1,4,0,0,2
mogi,3,9,1201,three,crassinervium,37.1111111111111,1,4,0,0,2
mogi,3,9,1201,two,crassinervium,4.66666666666667,1,4,0,0,2
mogi,3,9,1202,four,crassinervium,1.33333333333333,1,4,0,0,2
mogi,3,9,1202,one,crassinervium,3.5,1,4,0,0,2
mogi,3,9,1202,three,crassinervium,2.14285714285714,1,4,0,0,2
mogi,3,9,1202,two,crassinervium,2.5,1,4,0,0,1
mogi,3,9,1207,four,miquelianum,0,1,4,0,0,0
mogi,3,9,1207,one,miquelianum,40,1,4,0,0,1
mogi,3,9,1207,three,miquelianum,20.8333333333333,1,4,0,0,1
mogi,3,9,1207,two,miquelianum,36,1,4,0,0,1
mogi,3,9,1247,four,crassinervium,0,0,4,0,0,0
mogi,3,9,1247,one,crassinervium,1.71428571428571,1,4,0,0,2
mogi,3,9,1247,three,crassinervium,16.3333333333333,1,4,0,0,1
mogi,3,9,1247,two,crassinervium,1.5,1,4,0,0,1
mogi,3,9,1257,four,miquelianum,0,1,4,0,0,0
mogi,3,9,1257,one,miquelianum,30.5,1,4,0,0,2
mogi,3,9,1257,three,miquelianum,9.42857142857143,1,4,0,0,1
mogi,3,9,1257,two,miquelianum,58,1,4,0,0,1
mogi,3,9,1258,four,miquelianum,0,1,4,0,0,0
mogi,3,9,1258,one,miquelianum,27.5,1,4,0,0,1
mogi,3,9,1258,three,miquelianum,0,1,4,0,0,0
mogi,3,9,1258,two,miquelianum,0,1,4,0,0,0
mogi,3,9,2226,four,arboreum,0.2,0,4,0,0,1
mogi,3,9,2226,one,arboreum,3.33333333333333,1,4,0,0,1
mogi,3,9,2226,three,arboreum,0.571428571428571,1,4,0,0,1
mogi,3,9,2226,two,arboreum,0,1,4,0,0,0
mogi,3,9,2238,one,richardifolium,0,1,4,0,0,0
mogi,3,9,2238,three,richardifolium,16,0,4,0,0,2
mogi,3,9,2238,two,richardifolium,0,1,4,0,0,0
mogi,3,9,2252,one,arboreum,5,0,4,0,0,1
mogi,3,9,2287,four,richardifolium,0,1,4,0,0,0
mogi,3,9,2287,one,richardifolium,0,1,4,0,0,0
mogi,3,9,2287,three,richardifolium,0,1,4,0,0,0
mogi,3,9,2287,two,richardifolium,0,1,4,0,0,0
